Copyright 1986-2022 Xilinx, Inc. All Rights Reserved. Copyright 2022-2025 Advanced Micro Devices, Inc. All Rights Reserved.
--------------------------------------------------------------------------------------------------------------------------------------------------------------------------------
| Tool Version : Vivado v.2025.2 (win64) Build 6299465 Fri Nov 14 19:35:11 GMT 2025
| Date         : Tue May 19 21:53:10 2026
| Host         : LAPTOP-UC7OP26G running 64-bit major release  (build 9200)
| Command      : report_methodology -file rv32_top_level_methodology_drc_routed.rpt -pb rv32_top_level_methodology_drc_routed.pb -rpx rv32_top_level_methodology_drc_routed.rpx
| Design       : rv32_top_level
| Device       : xc7z007sclg400-1
| Speed File   : -1
| Design State : Fully Routed
--------------------------------------------------------------------------------------------------------------------------------------------------------------------------------

Report Methodology

Table of Contents
-----------------
1. REPORT SUMMARY
2. REPORT DETAILS

1. REPORT SUMMARY
-----------------
            Netlist: netlist
          Floorplan: design_1
      Design limits: <entire design considered>
             Max checks: <unlimited>
             Checks found: 350
+-----------+----------+---------------------------------------------+--------+
| Rule      | Severity | Description                                 | Checks |
+-----------+----------+---------------------------------------------+--------+
| LUTAR-1   | Warning  | LUT drives async reset alert                | 4      |
| SYNTH-6   | Warning  | Timing of a RAM block might be sub-optimal  | 32     |
| SYNTH-15  | Warning  | Byte wide write enable not inferred         | 32     |
| TIMING-16 | Warning  | Large setup violation                       | 251    |
| TIMING-18 | Warning  | Missing input or output delay               | 26     |
| TIMING-20 | Warning  | Non-clocked latch                           | 2      |
| XDCB-5    | Warning  | Runtime inefficient way to find pin objects | 2      |
| LATCH-1   | Advisory | Existing latches in the design              | 1      |
+-----------+----------+---------------------------------------------+--------+

2. REPORT DETAILS
-----------------
LUTAR-1#1 Warning
LUT drives async reset alert  
LUT cell dbg_hub/inst/BSCANID.u_xsdbm_id/CORE_XSDB.UUT_MASTER/U_ICON_INTERFACE/U_CMD6_RD/U_RD_FIFO/SUBCORE_FIFO.xsdbm_v3_0_5_rdfifo_inst/inst_fifo_gen/gconvfifo.rf/grf.rf/rstblk/ngwrdrst.grst.g7serrst.gwrrd_rst_sync_stage[2].rrst_inst/ngwrdrst.grst.g7serrst.rd_rst_reg[2]_i_1, with 2 or more inputs, drives asynchronous preset/clear pin(s) dbg_hub/inst/BSCANID.u_xsdbm_id/CORE_XSDB.UUT_MASTER/U_ICON_INTERFACE/U_CMD6_RD/U_RD_FIFO/SUBCORE_FIFO.xsdbm_v3_0_5_rdfifo_inst/inst_fifo_gen/gconvfifo.rf/grf.rf/rstblk/ngwrdrst.grst.g7serrst.rd_rst_reg_reg[0]/PRE,
dbg_hub/inst/BSCANID.u_xsdbm_id/CORE_XSDB.UUT_MASTER/U_ICON_INTERFACE/U_CMD6_RD/U_RD_FIFO/SUBCORE_FIFO.xsdbm_v3_0_5_rdfifo_inst/inst_fifo_gen/gconvfifo.rf/grf.rf/rstblk/ngwrdrst.grst.g7serrst.rd_rst_reg_reg[1]/PRE
dbg_hub/inst/BSCANID.u_xsdbm_id/CORE_XSDB.UUT_MASTER/U_ICON_INTERFACE/U_CMD6_RD/U_RD_FIFO/SUBCORE_FIFO.xsdbm_v3_0_5_rdfifo_inst/inst_fifo_gen/gconvfifo.rf/grf.rf/rstblk/ngwrdrst.grst.g7serrst.rd_rst_reg_reg[2]/PRE. The LUT may glitch and trigger an unexpected reset, even if it is a properly timed path.
Related violations: <none>

LUTAR-1#2 Warning
LUT drives async reset alert  
LUT cell dbg_hub/inst/BSCANID.u_xsdbm_id/CORE_XSDB.UUT_MASTER/U_ICON_INTERFACE/U_CMD6_RD/U_RD_FIFO/SUBCORE_FIFO.xsdbm_v3_0_5_rdfifo_inst/inst_fifo_gen/gconvfifo.rf/grf.rf/rstblk/ngwrdrst.grst.g7serrst.gwrrd_rst_sync_stage[2].wrst_inst/ngwrdrst.grst.g7serrst.wr_rst_reg[2]_i_1, with 2 or more inputs, drives asynchronous preset/clear pin(s) dbg_hub/inst/BSCANID.u_xsdbm_id/CORE_XSDB.UUT_MASTER/U_ICON_INTERFACE/U_CMD6_RD/U_RD_FIFO/SUBCORE_FIFO.xsdbm_v3_0_5_rdfifo_inst/inst_fifo_gen/gconvfifo.rf/grf.rf/rstblk/ngwrdrst.grst.g7serrst.wr_rst_reg_reg[0]/PRE,
dbg_hub/inst/BSCANID.u_xsdbm_id/CORE_XSDB.UUT_MASTER/U_ICON_INTERFACE/U_CMD6_RD/U_RD_FIFO/SUBCORE_FIFO.xsdbm_v3_0_5_rdfifo_inst/inst_fifo_gen/gconvfifo.rf/grf.rf/rstblk/ngwrdrst.grst.g7serrst.wr_rst_reg_reg[1]/PRE
dbg_hub/inst/BSCANID.u_xsdbm_id/CORE_XSDB.UUT_MASTER/U_ICON_INTERFACE/U_CMD6_RD/U_RD_FIFO/SUBCORE_FIFO.xsdbm_v3_0_5_rdfifo_inst/inst_fifo_gen/gconvfifo.rf/grf.rf/rstblk/ngwrdrst.grst.g7serrst.wr_rst_reg_reg[2]/PRE. The LUT may glitch and trigger an unexpected reset, even if it is a properly timed path.
Related violations: <none>

LUTAR-1#3 Warning
LUT drives async reset alert  
LUT cell dbg_hub/inst/BSCANID.u_xsdbm_id/CORE_XSDB.UUT_MASTER/U_ICON_INTERFACE/U_CMD6_WR/U_WR_FIFO/SUBCORE_FIFO.xsdbm_v3_0_5_wrfifo_inst/inst_fifo_gen/gconvfifo.rf/grf.rf/rstblk/ngwrdrst.grst.g7serrst.gwrrd_rst_sync_stage[2].rrst_inst/ngwrdrst.grst.g7serrst.rd_rst_reg[2]_i_1, with 2 or more inputs, drives asynchronous preset/clear pin(s) dbg_hub/inst/BSCANID.u_xsdbm_id/CORE_XSDB.UUT_MASTER/U_ICON_INTERFACE/U_CMD6_WR/U_WR_FIFO/SUBCORE_FIFO.xsdbm_v3_0_5_wrfifo_inst/inst_fifo_gen/gconvfifo.rf/grf.rf/rstblk/ngwrdrst.grst.g7serrst.rd_rst_reg_reg[0]/PRE,
dbg_hub/inst/BSCANID.u_xsdbm_id/CORE_XSDB.UUT_MASTER/U_ICON_INTERFACE/U_CMD6_WR/U_WR_FIFO/SUBCORE_FIFO.xsdbm_v3_0_5_wrfifo_inst/inst_fifo_gen/gconvfifo.rf/grf.rf/rstblk/ngwrdrst.grst.g7serrst.rd_rst_reg_reg[1]/PRE
dbg_hub/inst/BSCANID.u_xsdbm_id/CORE_XSDB.UUT_MASTER/U_ICON_INTERFACE/U_CMD6_WR/U_WR_FIFO/SUBCORE_FIFO.xsdbm_v3_0_5_wrfifo_inst/inst_fifo_gen/gconvfifo.rf/grf.rf/rstblk/ngwrdrst.grst.g7serrst.rd_rst_reg_reg[2]/PRE. The LUT may glitch and trigger an unexpected reset, even if it is a properly timed path.
Related violations: <none>

LUTAR-1#4 Warning
LUT drives async reset alert  
LUT cell dbg_hub/inst/BSCANID.u_xsdbm_id/CORE_XSDB.UUT_MASTER/U_ICON_INTERFACE/U_CMD6_WR/U_WR_FIFO/SUBCORE_FIFO.xsdbm_v3_0_5_wrfifo_inst/inst_fifo_gen/gconvfifo.rf/grf.rf/rstblk/ngwrdrst.grst.g7serrst.gwrrd_rst_sync_stage[2].wrst_inst/ngwrdrst.grst.g7serrst.wr_rst_reg[2]_i_1, with 2 or more inputs, drives asynchronous preset/clear pin(s) dbg_hub/inst/BSCANID.u_xsdbm_id/CORE_XSDB.UUT_MASTER/U_ICON_INTERFACE/U_CMD6_WR/U_WR_FIFO/SUBCORE_FIFO.xsdbm_v3_0_5_wrfifo_inst/inst_fifo_gen/gconvfifo.rf/grf.rf/rstblk/ngwrdrst.grst.g7serrst.wr_rst_reg_reg[0]/PRE,
dbg_hub/inst/BSCANID.u_xsdbm_id/CORE_XSDB.UUT_MASTER/U_ICON_INTERFACE/U_CMD6_WR/U_WR_FIFO/SUBCORE_FIFO.xsdbm_v3_0_5_wrfifo_inst/inst_fifo_gen/gconvfifo.rf/grf.rf/rstblk/ngwrdrst.grst.g7serrst.wr_rst_reg_reg[1]/PRE
dbg_hub/inst/BSCANID.u_xsdbm_id/CORE_XSDB.UUT_MASTER/U_ICON_INTERFACE/U_CMD6_WR/U_WR_FIFO/SUBCORE_FIFO.xsdbm_v3_0_5_wrfifo_inst/inst_fifo_gen/gconvfifo.rf/grf.rf/rstblk/ngwrdrst.grst.g7serrst.wr_rst_reg_reg[2]/PRE. The LUT may glitch and trigger an unexpected reset, even if it is a properly timed path.
Related violations: <none>

SYNTH-6#1 Warning
Timing of a RAM block might be sub-optimal  
The timing for the instance ram_inst/ram_reg_0_0_0, implemented as a RAM block, might be sub-optimal as no output register was merged into the block.
Related violations: <none>

SYNTH-6#2 Warning
Timing of a RAM block might be sub-optimal  
The timing for the instance ram_inst/ram_reg_0_0_1, implemented as a RAM block, might be sub-optimal as no output register was merged into the block.
Related violations: <none>

SYNTH-6#3 Warning
Timing of a RAM block might be sub-optimal  
The timing for the instance ram_inst/ram_reg_0_0_2, implemented as a RAM block, might be sub-optimal as no output register was merged into the block.
Related violations: <none>

SYNTH-6#4 Warning
Timing of a RAM block might be sub-optimal  
The timing for the instance ram_inst/ram_reg_0_0_3, implemented as a RAM block, might be sub-optimal as no output register was merged into the block.
Related violations: <none>

SYNTH-6#5 Warning
Timing of a RAM block might be sub-optimal  
The timing for the instance ram_inst/ram_reg_0_0_4, implemented as a RAM block, might be sub-optimal as no output register was merged into the block.
Related violations: <none>

SYNTH-6#6 Warning
Timing of a RAM block might be sub-optimal  
The timing for the instance ram_inst/ram_reg_0_0_5, implemented as a RAM block, might be sub-optimal as no output register was merged into the block.
Related violations: <none>

SYNTH-6#7 Warning
Timing of a RAM block might be sub-optimal  
The timing for the instance ram_inst/ram_reg_0_0_6, implemented as a RAM block, might be sub-optimal as no output register was merged into the block.
Related violations: <none>

SYNTH-6#8 Warning
Timing of a RAM block might be sub-optimal  
The timing for the instance ram_inst/ram_reg_0_0_7, implemented as a RAM block, might be sub-optimal as no output register was merged into the block.
Related violations: <none>

SYNTH-6#9 Warning
Timing of a RAM block might be sub-optimal  
The timing for the instance ram_inst/ram_reg_1_0_0, implemented as a RAM block, might be sub-optimal as no output register was merged into the block.
Related violations: <none>

SYNTH-6#10 Warning
Timing of a RAM block might be sub-optimal  
The timing for the instance ram_inst/ram_reg_1_0_1, implemented as a RAM block, might be sub-optimal as no output register was merged into the block.
Related violations: <none>

SYNTH-6#11 Warning
Timing of a RAM block might be sub-optimal  
The timing for the instance ram_inst/ram_reg_1_0_2, implemented as a RAM block, might be sub-optimal as no output register was merged into the block.
Related violations: <none>

SYNTH-6#12 Warning
Timing of a RAM block might be sub-optimal  
The timing for the instance ram_inst/ram_reg_1_0_3, implemented as a RAM block, might be sub-optimal as no output register was merged into the block.
Related violations: <none>

SYNTH-6#13 Warning
Timing of a RAM block might be sub-optimal  
The timing for the instance ram_inst/ram_reg_1_0_4, implemented as a RAM block, might be sub-optimal as no output register was merged into the block.
Related violations: <none>

SYNTH-6#14 Warning
Timing of a RAM block might be sub-optimal  
The timing for the instance ram_inst/ram_reg_1_0_5, implemented as a RAM block, might be sub-optimal as no output register was merged into the block.
Related violations: <none>

SYNTH-6#15 Warning
Timing of a RAM block might be sub-optimal  
The timing for the instance ram_inst/ram_reg_1_0_6, implemented as a RAM block, might be sub-optimal as no output register was merged into the block.
Related violations: <none>

SYNTH-6#16 Warning
Timing of a RAM block might be sub-optimal  
The timing for the instance ram_inst/ram_reg_1_0_7, implemented as a RAM block, might be sub-optimal as no output register was merged into the block.
Related violations: <none>

SYNTH-6#17 Warning
Timing of a RAM block might be sub-optimal  
The timing for the instance ram_inst/ram_reg_2_0_0, implemented as a RAM block, might be sub-optimal as no output register was merged into the block.
Related violations: <none>

SYNTH-6#18 Warning
Timing of a RAM block might be sub-optimal  
The timing for the instance ram_inst/ram_reg_2_0_1, implemented as a RAM block, might be sub-optimal as no output register was merged into the block.
Related violations: <none>

SYNTH-6#19 Warning
Timing of a RAM block might be sub-optimal  
The timing for the instance ram_inst/ram_reg_2_0_2, implemented as a RAM block, might be sub-optimal as no output register was merged into the block.
Related violations: <none>

SYNTH-6#20 Warning
Timing of a RAM block might be sub-optimal  
The timing for the instance ram_inst/ram_reg_2_0_3, implemented as a RAM block, might be sub-optimal as no output register was merged into the block.
Related violations: <none>

SYNTH-6#21 Warning
Timing of a RAM block might be sub-optimal  
The timing for the instance ram_inst/ram_reg_2_0_4, implemented as a RAM block, might be sub-optimal as no output register was merged into the block.
Related violations: <none>

SYNTH-6#22 Warning
Timing of a RAM block might be sub-optimal  
The timing for the instance ram_inst/ram_reg_2_0_5, implemented as a RAM block, might be sub-optimal as no output register was merged into the block.
Related violations: <none>

SYNTH-6#23 Warning
Timing of a RAM block might be sub-optimal  
The timing for the instance ram_inst/ram_reg_2_0_6, implemented as a RAM block, might be sub-optimal as no output register was merged into the block.
Related violations: <none>

SYNTH-6#24 Warning
Timing of a RAM block might be sub-optimal  
The timing for the instance ram_inst/ram_reg_2_0_7, implemented as a RAM block, might be sub-optimal as no output register was merged into the block.
Related violations: <none>

SYNTH-6#25 Warning
Timing of a RAM block might be sub-optimal  
The timing for the instance ram_inst/ram_reg_3_0_0, implemented as a RAM block, might be sub-optimal as no output register was merged into the block.
Related violations: <none>

SYNTH-6#26 Warning
Timing of a RAM block might be sub-optimal  
The timing for the instance ram_inst/ram_reg_3_0_1, implemented as a RAM block, might be sub-optimal as no output register was merged into the block.
Related violations: <none>

SYNTH-6#27 Warning
Timing of a RAM block might be sub-optimal  
The timing for the instance ram_inst/ram_reg_3_0_2, implemented as a RAM block, might be sub-optimal as no output register was merged into the block.
Related violations: <none>

SYNTH-6#28 Warning
Timing of a RAM block might be sub-optimal  
The timing for the instance ram_inst/ram_reg_3_0_3, implemented as a RAM block, might be sub-optimal as no output register was merged into the block.
Related violations: <none>

SYNTH-6#29 Warning
Timing of a RAM block might be sub-optimal  
The timing for the instance ram_inst/ram_reg_3_0_4, implemented as a RAM block, might be sub-optimal as no output register was merged into the block.
Related violations: <none>

SYNTH-6#30 Warning
Timing of a RAM block might be sub-optimal  
The timing for the instance ram_inst/ram_reg_3_0_5, implemented as a RAM block, might be sub-optimal as no output register was merged into the block.
Related violations: <none>

SYNTH-6#31 Warning
Timing of a RAM block might be sub-optimal  
The timing for the instance ram_inst/ram_reg_3_0_6, implemented as a RAM block, might be sub-optimal as no output register was merged into the block.
Related violations: <none>

SYNTH-6#32 Warning
Timing of a RAM block might be sub-optimal  
The timing for the instance ram_inst/ram_reg_3_0_7, implemented as a RAM block, might be sub-optimal as no output register was merged into the block.
Related violations: <none>

SYNTH-15#1 Warning
Byte wide write enable not inferred  
Byte wide write enable (BWWE) is not inferred for Block RAM ram_inst/ram_reg_0_0_0 because address width (15) is more than optimal threshold of 12. Implementing using BWWE will require more logic and timing would be suboptimal. Please use attribute ram_decomp = power if BWWE is desired..
Related violations: <none>

SYNTH-15#2 Warning
Byte wide write enable not inferred  
Byte wide write enable (BWWE) is not inferred for Block RAM ram_inst/ram_reg_0_0_1 because address width (15) is more than optimal threshold of 12. Implementing using BWWE will require more logic and timing would be suboptimal. Please use attribute ram_decomp = power if BWWE is desired..
Related violations: <none>

SYNTH-15#3 Warning
Byte wide write enable not inferred  
Byte wide write enable (BWWE) is not inferred for Block RAM ram_inst/ram_reg_0_0_2 because address width (15) is more than optimal threshold of 12. Implementing using BWWE will require more logic and timing would be suboptimal. Please use attribute ram_decomp = power if BWWE is desired..
Related violations: <none>

SYNTH-15#4 Warning
Byte wide write enable not inferred  
Byte wide write enable (BWWE) is not inferred for Block RAM ram_inst/ram_reg_0_0_3 because address width (15) is more than optimal threshold of 12. Implementing using BWWE will require more logic and timing would be suboptimal. Please use attribute ram_decomp = power if BWWE is desired..
Related violations: <none>

SYNTH-15#5 Warning
Byte wide write enable not inferred  
Byte wide write enable (BWWE) is not inferred for Block RAM ram_inst/ram_reg_0_0_4 because address width (15) is more than optimal threshold of 12. Implementing using BWWE will require more logic and timing would be suboptimal. Please use attribute ram_decomp = power if BWWE is desired..
Related violations: <none>

SYNTH-15#6 Warning
Byte wide write enable not inferred  
Byte wide write enable (BWWE) is not inferred for Block RAM ram_inst/ram_reg_0_0_5 because address width (15) is more than optimal threshold of 12. Implementing using BWWE will require more logic and timing would be suboptimal. Please use attribute ram_decomp = power if BWWE is desired..
Related violations: <none>

SYNTH-15#7 Warning
Byte wide write enable not inferred  
Byte wide write enable (BWWE) is not inferred for Block RAM ram_inst/ram_reg_0_0_6 because address width (15) is more than optimal threshold of 12. Implementing using BWWE will require more logic and timing would be suboptimal. Please use attribute ram_decomp = power if BWWE is desired..
Related violations: <none>

SYNTH-15#8 Warning
Byte wide write enable not inferred  
Byte wide write enable (BWWE) is not inferred for Block RAM ram_inst/ram_reg_0_0_7 because address width (15) is more than optimal threshold of 12. Implementing using BWWE will require more logic and timing would be suboptimal. Please use attribute ram_decomp = power if BWWE is desired..
Related violations: <none>

SYNTH-15#9 Warning
Byte wide write enable not inferred  
Byte wide write enable (BWWE) is not inferred for Block RAM ram_inst/ram_reg_1_0_0 because address width (15) is more than optimal threshold of 12. Implementing using BWWE will require more logic and timing would be suboptimal. Please use attribute ram_decomp = power if BWWE is desired..
Related violations: <none>

SYNTH-15#10 Warning
Byte wide write enable not inferred  
Byte wide write enable (BWWE) is not inferred for Block RAM ram_inst/ram_reg_1_0_1 because address width (15) is more than optimal threshold of 12. Implementing using BWWE will require more logic and timing would be suboptimal. Please use attribute ram_decomp = power if BWWE is desired..
Related violations: <none>

SYNTH-15#11 Warning
Byte wide write enable not inferred  
Byte wide write enable (BWWE) is not inferred for Block RAM ram_inst/ram_reg_1_0_2 because address width (15) is more than optimal threshold of 12. Implementing using BWWE will require more logic and timing would be suboptimal. Please use attribute ram_decomp = power if BWWE is desired..
Related violations: <none>

SYNTH-15#12 Warning
Byte wide write enable not inferred  
Byte wide write enable (BWWE) is not inferred for Block RAM ram_inst/ram_reg_1_0_3 because address width (15) is more than optimal threshold of 12. Implementing using BWWE will require more logic and timing would be suboptimal. Please use attribute ram_decomp = power if BWWE is desired..
Related violations: <none>

SYNTH-15#13 Warning
Byte wide write enable not inferred  
Byte wide write enable (BWWE) is not inferred for Block RAM ram_inst/ram_reg_1_0_4 because address width (15) is more than optimal threshold of 12. Implementing using BWWE will require more logic and timing would be suboptimal. Please use attribute ram_decomp = power if BWWE is desired..
Related violations: <none>

SYNTH-15#14 Warning
Byte wide write enable not inferred  
Byte wide write enable (BWWE) is not inferred for Block RAM ram_inst/ram_reg_1_0_5 because address width (15) is more than optimal threshold of 12. Implementing using BWWE will require more logic and timing would be suboptimal. Please use attribute ram_decomp = power if BWWE is desired..
Related violations: <none>

SYNTH-15#15 Warning
Byte wide write enable not inferred  
Byte wide write enable (BWWE) is not inferred for Block RAM ram_inst/ram_reg_1_0_6 because address width (15) is more than optimal threshold of 12. Implementing using BWWE will require more logic and timing would be suboptimal. Please use attribute ram_decomp = power if BWWE is desired..
Related violations: <none>

SYNTH-15#16 Warning
Byte wide write enable not inferred  
Byte wide write enable (BWWE) is not inferred for Block RAM ram_inst/ram_reg_1_0_7 because address width (15) is more than optimal threshold of 12. Implementing using BWWE will require more logic and timing would be suboptimal. Please use attribute ram_decomp = power if BWWE is desired..
Related violations: <none>

SYNTH-15#17 Warning
Byte wide write enable not inferred  
Byte wide write enable (BWWE) is not inferred for Block RAM ram_inst/ram_reg_2_0_0 because address width (15) is more than optimal threshold of 12. Implementing using BWWE will require more logic and timing would be suboptimal. Please use attribute ram_decomp = power if BWWE is desired..
Related violations: <none>

SYNTH-15#18 Warning
Byte wide write enable not inferred  
Byte wide write enable (BWWE) is not inferred for Block RAM ram_inst/ram_reg_2_0_1 because address width (15) is more than optimal threshold of 12. Implementing using BWWE will require more logic and timing would be suboptimal. Please use attribute ram_decomp = power if BWWE is desired..
Related violations: <none>

SYNTH-15#19 Warning
Byte wide write enable not inferred  
Byte wide write enable (BWWE) is not inferred for Block RAM ram_inst/ram_reg_2_0_2 because address width (15) is more than optimal threshold of 12. Implementing using BWWE will require more logic and timing would be suboptimal. Please use attribute ram_decomp = power if BWWE is desired..
Related violations: <none>

SYNTH-15#20 Warning
Byte wide write enable not inferred  
Byte wide write enable (BWWE) is not inferred for Block RAM ram_inst/ram_reg_2_0_3 because address width (15) is more than optimal threshold of 12. Implementing using BWWE will require more logic and timing would be suboptimal. Please use attribute ram_decomp = power if BWWE is desired..
Related violations: <none>

SYNTH-15#21 Warning
Byte wide write enable not inferred  
Byte wide write enable (BWWE) is not inferred for Block RAM ram_inst/ram_reg_2_0_4 because address width (15) is more than optimal threshold of 12. Implementing using BWWE will require more logic and timing would be suboptimal. Please use attribute ram_decomp = power if BWWE is desired..
Related violations: <none>

SYNTH-15#22 Warning
Byte wide write enable not inferred  
Byte wide write enable (BWWE) is not inferred for Block RAM ram_inst/ram_reg_2_0_5 because address width (15) is more than optimal threshold of 12. Implementing using BWWE will require more logic and timing would be suboptimal. Please use attribute ram_decomp = power if BWWE is desired..
Related violations: <none>

SYNTH-15#23 Warning
Byte wide write enable not inferred  
Byte wide write enable (BWWE) is not inferred for Block RAM ram_inst/ram_reg_2_0_6 because address width (15) is more than optimal threshold of 12. Implementing using BWWE will require more logic and timing would be suboptimal. Please use attribute ram_decomp = power if BWWE is desired..
Related violations: <none>

SYNTH-15#24 Warning
Byte wide write enable not inferred  
Byte wide write enable (BWWE) is not inferred for Block RAM ram_inst/ram_reg_2_0_7 because address width (15) is more than optimal threshold of 12. Implementing using BWWE will require more logic and timing would be suboptimal. Please use attribute ram_decomp = power if BWWE is desired..
Related violations: <none>

SYNTH-15#25 Warning
Byte wide write enable not inferred  
Byte wide write enable (BWWE) is not inferred for Block RAM ram_inst/ram_reg_3_0_0 because address width (15) is more than optimal threshold of 12. Implementing using BWWE will require more logic and timing would be suboptimal. Please use attribute ram_decomp = power if BWWE is desired..
Related violations: <none>

SYNTH-15#26 Warning
Byte wide write enable not inferred  
Byte wide write enable (BWWE) is not inferred for Block RAM ram_inst/ram_reg_3_0_1 because address width (15) is more than optimal threshold of 12. Implementing using BWWE will require more logic and timing would be suboptimal. Please use attribute ram_decomp = power if BWWE is desired..
Related violations: <none>

SYNTH-15#27 Warning
Byte wide write enable not inferred  
Byte wide write enable (BWWE) is not inferred for Block RAM ram_inst/ram_reg_3_0_2 because address width (15) is more than optimal threshold of 12. Implementing using BWWE will require more logic and timing would be suboptimal. Please use attribute ram_decomp = power if BWWE is desired..
Related violations: <none>

SYNTH-15#28 Warning
Byte wide write enable not inferred  
Byte wide write enable (BWWE) is not inferred for Block RAM ram_inst/ram_reg_3_0_3 because address width (15) is more than optimal threshold of 12. Implementing using BWWE will require more logic and timing would be suboptimal. Please use attribute ram_decomp = power if BWWE is desired..
Related violations: <none>

SYNTH-15#29 Warning
Byte wide write enable not inferred  
Byte wide write enable (BWWE) is not inferred for Block RAM ram_inst/ram_reg_3_0_4 because address width (15) is more than optimal threshold of 12. Implementing using BWWE will require more logic and timing would be suboptimal. Please use attribute ram_decomp = power if BWWE is desired..
Related violations: <none>

SYNTH-15#30 Warning
Byte wide write enable not inferred  
Byte wide write enable (BWWE) is not inferred for Block RAM ram_inst/ram_reg_3_0_5 because address width (15) is more than optimal threshold of 12. Implementing using BWWE will require more logic and timing would be suboptimal. Please use attribute ram_decomp = power if BWWE is desired..
Related violations: <none>

SYNTH-15#31 Warning
Byte wide write enable not inferred  
Byte wide write enable (BWWE) is not inferred for Block RAM ram_inst/ram_reg_3_0_6 because address width (15) is more than optimal threshold of 12. Implementing using BWWE will require more logic and timing would be suboptimal. Please use attribute ram_decomp = power if BWWE is desired..
Related violations: <none>

SYNTH-15#32 Warning
Byte wide write enable not inferred  
Byte wide write enable (BWWE) is not inferred for Block RAM ram_inst/ram_reg_3_0_7 because address width (15) is more than optimal threshold of 12. Implementing using BWWE will require more logic and timing would be suboptimal. Please use attribute ram_decomp = power if BWWE is desired..
Related violations: <none>

TIMING-16#1 Warning
Large setup violation  
There is a large setup violation of -1.008 ns between ram_inst/ram_reg_0_0_7/CLKARDCLK (clocked by sys_clk_pin) and ex_inst/alu_out_reg[27]/D (clocked by sys_clk_pin). Large setup violations at the end of those stages might be difficult to fix during the post-placement implementation flow and could be the result of non-optimal XDC constraints or non-optimal design architecture
Related violations: <none>

TIMING-16#2 Warning
Large setup violation  
There is a large setup violation of -1.010 ns between ram_inst/ram_reg_0_0_3/CLKARDCLK (clocked by sys_clk_pin) and id_inst/rs2_data_out_reg[22]/D (clocked by sys_clk_pin). Large setup violations at the end of those stages might be difficult to fix during the post-placement implementation flow and could be the result of non-optimal XDC constraints or non-optimal design architecture
Related violations: <none>

TIMING-16#3 Warning
Large setup violation  
There is a large setup violation of -1.023 ns between ram_inst/ram_reg_2_0_5/CLKARDCLK (clocked by sys_clk_pin) and id_inst/rs1_data_out_reg[1]/D (clocked by sys_clk_pin). Large setup violations at the end of those stages might be difficult to fix during the post-placement implementation flow and could be the result of non-optimal XDC constraints or non-optimal design architecture
Related violations: <none>

TIMING-16#4 Warning
Large setup violation  
There is a large setup violation of -1.079 ns between ram_inst/ram_reg_0_0_7/CLKARDCLK (clocked by sys_clk_pin) and ex_inst/alu_out_reg[26]/D (clocked by sys_clk_pin). Large setup violations at the end of those stages might be difficult to fix during the post-placement implementation flow and could be the result of non-optimal XDC constraints or non-optimal design architecture
Related violations: <none>

TIMING-16#5 Warning
Large setup violation  
There is a large setup violation of -1.124 ns between ram_inst/ram_reg_2_0_7/CLKARDCLK (clocked by sys_clk_pin) and ex_inst/alu_out_reg[16]_rep__0/D (clocked by sys_clk_pin). Large setup violations at the end of those stages might be difficult to fix during the post-placement implementation flow and could be the result of non-optimal XDC constraints or non-optimal design architecture
Related violations: <none>

TIMING-16#6 Warning
Large setup violation  
There is a large setup violation of -1.151 ns between ram_inst/ram_reg_0_0_7/CLKARDCLK (clocked by sys_clk_pin) and id_inst/rs2_data_out_reg[20]/D (clocked by sys_clk_pin). Large setup violations at the end of those stages might be difficult to fix during the post-placement implementation flow and could be the result of non-optimal XDC constraints or non-optimal design architecture
Related violations: <none>

TIMING-16#7 Warning
Large setup violation  
There is a large setup violation of -1.175 ns between ram_inst/ram_reg_0_0_3/CLKARDCLK (clocked by sys_clk_pin) and ex_inst/alu_out_reg[25]/D (clocked by sys_clk_pin). Large setup violations at the end of those stages might be difficult to fix during the post-placement implementation flow and could be the result of non-optimal XDC constraints or non-optimal design architecture
Related violations: <none>

TIMING-16#8 Warning
Large setup violation  
There is a large setup violation of -1.181 ns between ram_inst/ram_reg_2_0_5/CLKARDCLK (clocked by sys_clk_pin) and ex_inst/alu_out_reg[2]_rep/D (clocked by sys_clk_pin). Large setup violations at the end of those stages might be difficult to fix during the post-placement implementation flow and could be the result of non-optimal XDC constraints or non-optimal design architecture
Related violations: <none>

TIMING-16#9 Warning
Large setup violation  
There is a large setup violation of -1.190 ns between ram_inst/ram_reg_2_0_5/CLKARDCLK (clocked by sys_clk_pin) and ex_inst/alu_out_reg[2]_rep__0/D (clocked by sys_clk_pin). Large setup violations at the end of those stages might be difficult to fix during the post-placement implementation flow and could be the result of non-optimal XDC constraints or non-optimal design architecture
Related violations: <none>

TIMING-16#10 Warning
Large setup violation  
There is a large setup violation of -1.204 ns between ram_inst/ram_reg_2_0_0/CLKARDCLK (clocked by sys_clk_pin) and ex_inst/alu_out_reg[30]/D (clocked by sys_clk_pin). Large setup violations at the end of those stages might be difficult to fix during the post-placement implementation flow and could be the result of non-optimal XDC constraints or non-optimal design architecture
Related violations: <none>

TIMING-16#11 Warning
Large setup violation  
There is a large setup violation of -1.206 ns between ram_inst/ram_reg_2_0_2/CLKARDCLK (clocked by sys_clk_pin) and ex_inst/alu_out_reg[1]/D (clocked by sys_clk_pin). Large setup violations at the end of those stages might be difficult to fix during the post-placement implementation flow and could be the result of non-optimal XDC constraints or non-optimal design architecture
Related violations: <none>

TIMING-16#12 Warning
Large setup violation  
There is a large setup violation of -1.219 ns between ram_inst/ram_reg_2_0_7/CLKARDCLK (clocked by sys_clk_pin) and ex_inst/alu_out_reg[16]_rep__1/D (clocked by sys_clk_pin). Large setup violations at the end of those stages might be difficult to fix during the post-placement implementation flow and could be the result of non-optimal XDC constraints or non-optimal design architecture
Related violations: <none>

TIMING-16#13 Warning
Large setup violation  
There is a large setup violation of -1.245 ns between ram_inst/ram_reg_2_0_0/CLKARDCLK (clocked by sys_clk_pin) and ex_inst/alu_out_reg[0]/D (clocked by sys_clk_pin). Large setup violations at the end of those stages might be difficult to fix during the post-placement implementation flow and could be the result of non-optimal XDC constraints or non-optimal design architecture
Related violations: <none>

TIMING-16#14 Warning
Large setup violation  
There is a large setup violation of -1.288 ns between ram_inst/ram_reg_0_0_7/CLKARDCLK (clocked by sys_clk_pin) and ex_inst/alu_out_reg[8]_rep__1/D (clocked by sys_clk_pin). Large setup violations at the end of those stages might be difficult to fix during the post-placement implementation flow and could be the result of non-optimal XDC constraints or non-optimal design architecture
Related violations: <none>

TIMING-16#15 Warning
Large setup violation  
There is a large setup violation of -1.293 ns between ram_inst/ram_reg_0_0_7/CLKARDCLK (clocked by sys_clk_pin) and id_inst/rs1_data_out_reg[24]/D (clocked by sys_clk_pin). Large setup violations at the end of those stages might be difficult to fix during the post-placement implementation flow and could be the result of non-optimal XDC constraints or non-optimal design architecture
Related violations: <none>

TIMING-16#16 Warning
Large setup violation  
There is a large setup violation of -1.299 ns between ram_inst/ram_reg_2_0_7/CLKARDCLK (clocked by sys_clk_pin) and ex_inst/alu_out_reg[16]_rep/D (clocked by sys_clk_pin). Large setup violations at the end of those stages might be difficult to fix during the post-placement implementation flow and could be the result of non-optimal XDC constraints or non-optimal design architecture
Related violations: <none>

TIMING-16#17 Warning
Large setup violation  
There is a large setup violation of -1.306 ns between ram_inst/ram_reg_0_0_7/CLKARDCLK (clocked by sys_clk_pin) and ex_inst/alu_out_reg[23]/D (clocked by sys_clk_pin). Large setup violations at the end of those stages might be difficult to fix during the post-placement implementation flow and could be the result of non-optimal XDC constraints or non-optimal design architecture
Related violations: <none>

TIMING-16#18 Warning
Large setup violation  
There is a large setup violation of -1.328 ns between ram_inst/ram_reg_2_0_0/CLKARDCLK (clocked by sys_clk_pin) and ex_inst/alu_out_reg[6]_rep/D (clocked by sys_clk_pin). Large setup violations at the end of those stages might be difficult to fix during the post-placement implementation flow and could be the result of non-optimal XDC constraints or non-optimal design architecture
Related violations: <none>

TIMING-16#19 Warning
Large setup violation  
There is a large setup violation of -1.337 ns between ram_inst/ram_reg_0_0_7/CLKARDCLK (clocked by sys_clk_pin) and ex_inst/alu_out_reg[28]/D (clocked by sys_clk_pin). Large setup violations at the end of those stages might be difficult to fix during the post-placement implementation flow and could be the result of non-optimal XDC constraints or non-optimal design architecture
Related violations: <none>

TIMING-16#20 Warning
Large setup violation  
There is a large setup violation of -1.338 ns between ram_inst/ram_reg_2_0_0/CLKARDCLK (clocked by sys_clk_pin) and ex_inst/alu_out_reg[6]_rep__2/D (clocked by sys_clk_pin). Large setup violations at the end of those stages might be difficult to fix during the post-placement implementation flow and could be the result of non-optimal XDC constraints or non-optimal design architecture
Related violations: <none>

TIMING-16#21 Warning
Large setup violation  
There is a large setup violation of -1.345 ns between ram_inst/ram_reg_2_0_0/CLKARDCLK (clocked by sys_clk_pin) and ex_inst/alu_out_reg[3]/D (clocked by sys_clk_pin). Large setup violations at the end of those stages might be difficult to fix during the post-placement implementation flow and could be the result of non-optimal XDC constraints or non-optimal design architecture
Related violations: <none>

TIMING-16#22 Warning
Large setup violation  
There is a large setup violation of -1.349 ns between ram_inst/ram_reg_2_0_0/CLKARDCLK (clocked by sys_clk_pin) and ex_inst/alu_out_reg[6]/D (clocked by sys_clk_pin). Large setup violations at the end of those stages might be difficult to fix during the post-placement implementation flow and could be the result of non-optimal XDC constraints or non-optimal design architecture
Related violations: <none>

TIMING-16#23 Warning
Large setup violation  
There is a large setup violation of -1.353 ns between ram_inst/ram_reg_2_0_0/CLKARDCLK (clocked by sys_clk_pin) and ex_inst/alu_out_reg[3]_rep/D (clocked by sys_clk_pin). Large setup violations at the end of those stages might be difficult to fix during the post-placement implementation flow and could be the result of non-optimal XDC constraints or non-optimal design architecture
Related violations: <none>

TIMING-16#24 Warning
Large setup violation  
There is a large setup violation of -1.359 ns between ram_inst/ram_reg_2_0_5/CLKARDCLK (clocked by sys_clk_pin) and ex_inst/alu_out_reg[2]_rep__1/D (clocked by sys_clk_pin). Large setup violations at the end of those stages might be difficult to fix during the post-placement implementation flow and could be the result of non-optimal XDC constraints or non-optimal design architecture
Related violations: <none>

TIMING-16#25 Warning
Large setup violation  
There is a large setup violation of -1.365 ns between ram_inst/ram_reg_2_0_5/CLKARDCLK (clocked by sys_clk_pin) and ex_inst/alu_out_reg[2]/D (clocked by sys_clk_pin). Large setup violations at the end of those stages might be difficult to fix during the post-placement implementation flow and could be the result of non-optimal XDC constraints or non-optimal design architecture
Related violations: <none>

TIMING-16#26 Warning
Large setup violation  
There is a large setup violation of -1.375 ns between ram_inst/ram_reg_0_0_3/CLKARDCLK (clocked by sys_clk_pin) and ex_inst/alu_out_reg[10]/D (clocked by sys_clk_pin). Large setup violations at the end of those stages might be difficult to fix during the post-placement implementation flow and could be the result of non-optimal XDC constraints or non-optimal design architecture
Related violations: <none>

TIMING-16#27 Warning
Large setup violation  
There is a large setup violation of -1.376 ns between ram_inst/ram_reg_2_0_5/CLKARDCLK (clocked by sys_clk_pin) and ex_inst/alu_out_reg[2]_rep__2/D (clocked by sys_clk_pin). Large setup violations at the end of those stages might be difficult to fix during the post-placement implementation flow and could be the result of non-optimal XDC constraints or non-optimal design architecture
Related violations: <none>

TIMING-16#28 Warning
Large setup violation  
There is a large setup violation of -1.395 ns between ram_inst/ram_reg_0_0_7/CLKARDCLK (clocked by sys_clk_pin) and id_inst/rs1_data_out_reg[20]/D (clocked by sys_clk_pin). Large setup violations at the end of those stages might be difficult to fix during the post-placement implementation flow and could be the result of non-optimal XDC constraints or non-optimal design architecture
Related violations: <none>

TIMING-16#29 Warning
Large setup violation  
There is a large setup violation of -1.430 ns between ram_inst/ram_reg_0_0_7/CLKARDCLK (clocked by sys_clk_pin) and ex_inst/alu_out_reg[11]_rep__0/D (clocked by sys_clk_pin). Large setup violations at the end of those stages might be difficult to fix during the post-placement implementation flow and could be the result of non-optimal XDC constraints or non-optimal design architecture
Related violations: <none>

TIMING-16#30 Warning
Large setup violation  
There is a large setup violation of -1.457 ns between ram_inst/ram_reg_0_0_7/CLKARDCLK (clocked by sys_clk_pin) and ex_inst/alu_out_reg[8]_rep__2/D (clocked by sys_clk_pin). Large setup violations at the end of those stages might be difficult to fix during the post-placement implementation flow and could be the result of non-optimal XDC constraints or non-optimal design architecture
Related violations: <none>

TIMING-16#31 Warning
Large setup violation  
There is a large setup violation of -1.466 ns between ram_inst/ram_reg_3_0_2/CLKARDCLK (clocked by sys_clk_pin) and id_inst/rs1_data_out_reg[27]/D (clocked by sys_clk_pin). Large setup violations at the end of those stages might be difficult to fix during the post-placement implementation flow and could be the result of non-optimal XDC constraints or non-optimal design architecture
Related violations: <none>

TIMING-16#32 Warning
Large setup violation  
There is a large setup violation of -1.468 ns between ram_inst/ram_reg_2_0_7/CLKARDCLK (clocked by sys_clk_pin) and ex_inst/alu_out_reg[16]/D (clocked by sys_clk_pin). Large setup violations at the end of those stages might be difficult to fix during the post-placement implementation flow and could be the result of non-optimal XDC constraints or non-optimal design architecture
Related violations: <none>

TIMING-16#33 Warning
Large setup violation  
There is a large setup violation of -1.469 ns between ram_inst/ram_reg_0_0_7/CLKARDCLK (clocked by sys_clk_pin) and ex_inst/alu_out_reg[8]_rep__0/D (clocked by sys_clk_pin). Large setup violations at the end of those stages might be difficult to fix during the post-placement implementation flow and could be the result of non-optimal XDC constraints or non-optimal design architecture
Related violations: <none>

TIMING-16#34 Warning
Large setup violation  
There is a large setup violation of -1.470 ns between ram_inst/ram_reg_0_0_7/CLKARDCLK (clocked by sys_clk_pin) and ex_inst/alu_out_reg[24]/D (clocked by sys_clk_pin). Large setup violations at the end of those stages might be difficult to fix during the post-placement implementation flow and could be the result of non-optimal XDC constraints or non-optimal design architecture
Related violations: <none>

TIMING-16#35 Warning
Large setup violation  
There is a large setup violation of -1.470 ns between ram_inst/ram_reg_2_0_7/CLKARDCLK (clocked by sys_clk_pin) and ex_inst/alu_out_reg[16]_rep__2/D (clocked by sys_clk_pin). Large setup violations at the end of those stages might be difficult to fix during the post-placement implementation flow and could be the result of non-optimal XDC constraints or non-optimal design architecture
Related violations: <none>

TIMING-16#36 Warning
Large setup violation  
There is a large setup violation of -1.474 ns between ram_inst/ram_reg_3_0_2/CLKARDCLK (clocked by sys_clk_pin) and ex_inst/alu_out_reg[5]_rep__0/D (clocked by sys_clk_pin). Large setup violations at the end of those stages might be difficult to fix during the post-placement implementation flow and could be the result of non-optimal XDC constraints or non-optimal design architecture
Related violations: <none>

TIMING-16#37 Warning
Large setup violation  
There is a large setup violation of -1.474 ns between ram_inst/ram_reg_3_0_7/CLKARDCLK (clocked by sys_clk_pin) and ex_inst/alu_out_reg[6]_rep__0/D (clocked by sys_clk_pin). Large setup violations at the end of those stages might be difficult to fix during the post-placement implementation flow and could be the result of non-optimal XDC constraints or non-optimal design architecture
Related violations: <none>

TIMING-16#38 Warning
Large setup violation  
There is a large setup violation of -1.481 ns between ram_inst/ram_reg_0_0_3/CLKARDCLK (clocked by sys_clk_pin) and ex_inst/alu_out_reg[10]_rep/D (clocked by sys_clk_pin). Large setup violations at the end of those stages might be difficult to fix during the post-placement implementation flow and could be the result of non-optimal XDC constraints or non-optimal design architecture
Related violations: <none>

TIMING-16#39 Warning
Large setup violation  
There is a large setup violation of -1.484 ns between ram_inst/ram_reg_3_0_2/CLKARDCLK (clocked by sys_clk_pin) and ex_inst/alu_out_reg[5]_rep__1/D (clocked by sys_clk_pin). Large setup violations at the end of those stages might be difficult to fix during the post-placement implementation flow and could be the result of non-optimal XDC constraints or non-optimal design architecture
Related violations: <none>

TIMING-16#40 Warning
Large setup violation  
There is a large setup violation of -1.521 ns between ram_inst/ram_reg_2_0_7/CLKARDCLK (clocked by sys_clk_pin) and ex_inst/alu_out_reg[18]/D (clocked by sys_clk_pin). Large setup violations at the end of those stages might be difficult to fix during the post-placement implementation flow and could be the result of non-optimal XDC constraints or non-optimal design architecture
Related violations: <none>

TIMING-16#41 Warning
Large setup violation  
There is a large setup violation of -1.523 ns between ram_inst/ram_reg_0_0_3/CLKARDCLK (clocked by sys_clk_pin) and id_inst/rs2_data_out_reg[10]/D (clocked by sys_clk_pin). Large setup violations at the end of those stages might be difficult to fix during the post-placement implementation flow and could be the result of non-optimal XDC constraints or non-optimal design architecture
Related violations: <none>

TIMING-16#42 Warning
Large setup violation  
There is a large setup violation of -1.526 ns between ram_inst/ram_reg_0_0_3/CLKARDCLK (clocked by sys_clk_pin) and ex_inst/alu_out_reg[22]/D (clocked by sys_clk_pin). Large setup violations at the end of those stages might be difficult to fix during the post-placement implementation flow and could be the result of non-optimal XDC constraints or non-optimal design architecture
Related violations: <none>

TIMING-16#43 Warning
Large setup violation  
There is a large setup violation of -1.542 ns between ram_inst/ram_reg_0_0_3/CLKARDCLK (clocked by sys_clk_pin) and ex_inst/alu_out_reg[10]_rep__1/D (clocked by sys_clk_pin). Large setup violations at the end of those stages might be difficult to fix during the post-placement implementation flow and could be the result of non-optimal XDC constraints or non-optimal design architecture
Related violations: <none>

TIMING-16#44 Warning
Large setup violation  
There is a large setup violation of -1.552 ns between ram_inst/ram_reg_0_0_3/CLKARDCLK (clocked by sys_clk_pin) and ex_inst/alu_out_reg[19]/D (clocked by sys_clk_pin). Large setup violations at the end of those stages might be difficult to fix during the post-placement implementation flow and could be the result of non-optimal XDC constraints or non-optimal design architecture
Related violations: <none>

TIMING-16#45 Warning
Large setup violation  
There is a large setup violation of -1.586 ns between ram_inst/ram_reg_3_0_7/CLKARDCLK (clocked by sys_clk_pin) and ex_inst/alu_out_reg[8]/D (clocked by sys_clk_pin). Large setup violations at the end of those stages might be difficult to fix during the post-placement implementation flow and could be the result of non-optimal XDC constraints or non-optimal design architecture
Related violations: <none>

TIMING-16#46 Warning
Large setup violation  
There is a large setup violation of -1.599 ns between ram_inst/ram_reg_0_0_7/CLKARDCLK (clocked by sys_clk_pin) and ex_inst/alu_out_reg[11]_rep__1/D (clocked by sys_clk_pin). Large setup violations at the end of those stages might be difficult to fix during the post-placement implementation flow and could be the result of non-optimal XDC constraints or non-optimal design architecture
Related violations: <none>

TIMING-16#47 Warning
Large setup violation  
There is a large setup violation of -1.603 ns between ram_inst/ram_reg_2_0_7/CLKARDCLK (clocked by sys_clk_pin) and id_inst/rs2_data_out_reg[16]/D (clocked by sys_clk_pin). Large setup violations at the end of those stages might be difficult to fix during the post-placement implementation flow and could be the result of non-optimal XDC constraints or non-optimal design architecture
Related violations: <none>

TIMING-16#48 Warning
Large setup violation  
There is a large setup violation of -1.609 ns between ram_inst/ram_reg_0_0_7/CLKARDCLK (clocked by sys_clk_pin) and ex_inst/alu_out_reg[20]/D (clocked by sys_clk_pin). Large setup violations at the end of those stages might be difficult to fix during the post-placement implementation flow and could be the result of non-optimal XDC constraints or non-optimal design architecture
Related violations: <none>

TIMING-16#49 Warning
Large setup violation  
There is a large setup violation of -1.610 ns between ram_inst/ram_reg_2_0_7/CLKARDCLK (clocked by sys_clk_pin) and ex_inst/alu_out_reg[17]/D (clocked by sys_clk_pin). Large setup violations at the end of those stages might be difficult to fix during the post-placement implementation flow and could be the result of non-optimal XDC constraints or non-optimal design architecture
Related violations: <none>

TIMING-16#50 Warning
Large setup violation  
There is a large setup violation of -1.611 ns between ram_inst/ram_reg_0_0_7/CLKARDCLK (clocked by sys_clk_pin) and ex_inst/alu_out_reg[11]_rep/D (clocked by sys_clk_pin). Large setup violations at the end of those stages might be difficult to fix during the post-placement implementation flow and could be the result of non-optimal XDC constraints or non-optimal design architecture
Related violations: <none>

TIMING-16#51 Warning
Large setup violation  
There is a large setup violation of -1.619 ns between ram_inst/ram_reg_0_0_7/CLKARDCLK (clocked by sys_clk_pin) and ex_inst/alu_out_reg[29]/D (clocked by sys_clk_pin). Large setup violations at the end of those stages might be difficult to fix during the post-placement implementation flow and could be the result of non-optimal XDC constraints or non-optimal design architecture
Related violations: <none>

TIMING-16#52 Warning
Large setup violation  
There is a large setup violation of -1.620 ns between ram_inst/ram_reg_2_0_0/CLKARDCLK (clocked by sys_clk_pin) and ex_inst/alu_out_reg[9]/D (clocked by sys_clk_pin). Large setup violations at the end of those stages might be difficult to fix during the post-placement implementation flow and could be the result of non-optimal XDC constraints or non-optimal design architecture
Related violations: <none>

TIMING-16#53 Warning
Large setup violation  
There is a large setup violation of -1.649 ns between ram_inst/ram_reg_2_0_0/CLKARDCLK (clocked by sys_clk_pin) and ex_inst/alu_out_reg[12]/D (clocked by sys_clk_pin). Large setup violations at the end of those stages might be difficult to fix during the post-placement implementation flow and could be the result of non-optimal XDC constraints or non-optimal design architecture
Related violations: <none>

TIMING-16#54 Warning
Large setup violation  
There is a large setup violation of -1.649 ns between ram_inst/ram_reg_3_0_2/CLKARDCLK (clocked by sys_clk_pin) and ex_inst/alu_out_reg[7]_rep__2/D (clocked by sys_clk_pin). Large setup violations at the end of those stages might be difficult to fix during the post-placement implementation flow and could be the result of non-optimal XDC constraints or non-optimal design architecture
Related violations: <none>

TIMING-16#55 Warning
Large setup violation  
There is a large setup violation of -1.657 ns between ram_inst/ram_reg_3_0_7/CLKARDCLK (clocked by sys_clk_pin) and ex_inst/alu_out_reg[6]_rep__1/D (clocked by sys_clk_pin). Large setup violations at the end of those stages might be difficult to fix during the post-placement implementation flow and could be the result of non-optimal XDC constraints or non-optimal design architecture
Related violations: <none>

TIMING-16#56 Warning
Large setup violation  
There is a large setup violation of -1.659 ns between ram_inst/ram_reg_2_0_0/CLKARDCLK (clocked by sys_clk_pin) and ex_inst/alu_out_reg[12]_rep__0/D (clocked by sys_clk_pin). Large setup violations at the end of those stages might be difficult to fix during the post-placement implementation flow and could be the result of non-optimal XDC constraints or non-optimal design architecture
Related violations: <none>

TIMING-16#57 Warning
Large setup violation  
There is a large setup violation of -1.666 ns between ram_inst/ram_reg_3_0_2/CLKARDCLK (clocked by sys_clk_pin) and id_inst/rs2_data_out_reg[7]/D (clocked by sys_clk_pin). Large setup violations at the end of those stages might be difficult to fix during the post-placement implementation flow and could be the result of non-optimal XDC constraints or non-optimal design architecture
Related violations: <none>

TIMING-16#58 Warning
Large setup violation  
There is a large setup violation of -1.666 ns between ram_inst/ram_reg_3_0_7/CLKARDCLK (clocked by sys_clk_pin) and ex_inst/alu_out_reg[11]/D (clocked by sys_clk_pin). Large setup violations at the end of those stages might be difficult to fix during the post-placement implementation flow and could be the result of non-optimal XDC constraints or non-optimal design architecture
Related violations: <none>

TIMING-16#59 Warning
Large setup violation  
There is a large setup violation of -1.668 ns between ram_inst/ram_reg_2_0_1/CLKARDCLK (clocked by sys_clk_pin) and id_inst/rs1_data_out_reg[5]/D (clocked by sys_clk_pin). Large setup violations at the end of those stages might be difficult to fix during the post-placement implementation flow and could be the result of non-optimal XDC constraints or non-optimal design architecture
Related violations: <none>

TIMING-16#60 Warning
Large setup violation  
There is a large setup violation of -1.682 ns between ram_inst/ram_reg_2_0_0/CLKARDCLK (clocked by sys_clk_pin) and id_inst/rs1_data_out_reg[9]/D (clocked by sys_clk_pin). Large setup violations at the end of those stages might be difficult to fix during the post-placement implementation flow and could be the result of non-optimal XDC constraints or non-optimal design architecture
Related violations: <none>

TIMING-16#61 Warning
Large setup violation  
There is a large setup violation of -1.684 ns between ram_inst/ram_reg_3_0_2/CLKARDCLK (clocked by sys_clk_pin) and ex_inst/alu_out_reg[5]_rep__2/D (clocked by sys_clk_pin). Large setup violations at the end of those stages might be difficult to fix during the post-placement implementation flow and could be the result of non-optimal XDC constraints or non-optimal design architecture
Related violations: <none>

TIMING-16#62 Warning
Large setup violation  
There is a large setup violation of -1.685 ns between ram_inst/ram_reg_3_0_7/CLKARDCLK (clocked by sys_clk_pin) and ex_inst/alu_out_reg[4]/D (clocked by sys_clk_pin). Large setup violations at the end of those stages might be difficult to fix during the post-placement implementation flow and could be the result of non-optimal XDC constraints or non-optimal design architecture
Related violations: <none>

TIMING-16#63 Warning
Large setup violation  
There is a large setup violation of -1.693 ns between ram_inst/ram_reg_2_0_7/CLKARDCLK (clocked by sys_clk_pin) and ex_inst/alu_out_reg[15]_rep__1/D (clocked by sys_clk_pin). Large setup violations at the end of those stages might be difficult to fix during the post-placement implementation flow and could be the result of non-optimal XDC constraints or non-optimal design architecture
Related violations: <none>

TIMING-16#64 Warning
Large setup violation  
There is a large setup violation of -1.694 ns between ram_inst/ram_reg_2_0_7/CLKARDCLK (clocked by sys_clk_pin) and ex_inst/alu_out_reg[15]/D (clocked by sys_clk_pin). Large setup violations at the end of those stages might be difficult to fix during the post-placement implementation flow and could be the result of non-optimal XDC constraints or non-optimal design architecture
Related violations: <none>

TIMING-16#65 Warning
Large setup violation  
There is a large setup violation of -1.694 ns between ram_inst/ram_reg_3_0_7/CLKARDCLK (clocked by sys_clk_pin) and ex_inst/alu_out_reg[4]_rep__0/D (clocked by sys_clk_pin). Large setup violations at the end of those stages might be difficult to fix during the post-placement implementation flow and could be the result of non-optimal XDC constraints or non-optimal design architecture
Related violations: <none>

TIMING-16#66 Warning
Large setup violation  
There is a large setup violation of -1.699 ns between ram_inst/ram_reg_3_0_7/CLKARDCLK (clocked by sys_clk_pin) and ex_inst/alu_out_reg[4]_rep__2/D (clocked by sys_clk_pin). Large setup violations at the end of those stages might be difficult to fix during the post-placement implementation flow and could be the result of non-optimal XDC constraints or non-optimal design architecture
Related violations: <none>

TIMING-16#67 Warning
Large setup violation  
There is a large setup violation of -1.709 ns between ram_inst/ram_reg_3_0_2/CLKARDCLK (clocked by sys_clk_pin) and ex_inst/alu_out_reg[7]_rep__1/D (clocked by sys_clk_pin). Large setup violations at the end of those stages might be difficult to fix during the post-placement implementation flow and could be the result of non-optimal XDC constraints or non-optimal design architecture
Related violations: <none>

TIMING-16#68 Warning
Large setup violation  
There is a large setup violation of -1.712 ns between ram_inst/ram_reg_3_0_2/CLKARDCLK (clocked by sys_clk_pin) and ex_inst/alu_out_reg[7]_rep__0/D (clocked by sys_clk_pin). Large setup violations at the end of those stages might be difficult to fix during the post-placement implementation flow and could be the result of non-optimal XDC constraints or non-optimal design architecture
Related violations: <none>

TIMING-16#69 Warning
Large setup violation  
There is a large setup violation of -1.713 ns between ram_inst/ram_reg_3_0_2/CLKARDCLK (clocked by sys_clk_pin) and ex_inst/alu_out_reg[5]/D (clocked by sys_clk_pin). Large setup violations at the end of those stages might be difficult to fix during the post-placement implementation flow and could be the result of non-optimal XDC constraints or non-optimal design architecture
Related violations: <none>

TIMING-16#70 Warning
Large setup violation  
There is a large setup violation of -1.718 ns between ram_inst/ram_reg_2_0_7/CLKARDCLK (clocked by sys_clk_pin) and id_inst/rs1_data_out_reg[17]/D (clocked by sys_clk_pin). Large setup violations at the end of those stages might be difficult to fix during the post-placement implementation flow and could be the result of non-optimal XDC constraints or non-optimal design architecture
Related violations: <none>

TIMING-16#71 Warning
Large setup violation  
There is a large setup violation of -1.727 ns between ram_inst/ram_reg_3_0_7/CLKARDCLK (clocked by sys_clk_pin) and ex_inst/alu_out_reg[14]_rep__2/D (clocked by sys_clk_pin). Large setup violations at the end of those stages might be difficult to fix during the post-placement implementation flow and could be the result of non-optimal XDC constraints or non-optimal design architecture
Related violations: <none>

TIMING-16#72 Warning
Large setup violation  
There is a large setup violation of -1.732 ns between ram_inst/ram_reg_3_0_2/CLKARDCLK (clocked by sys_clk_pin) and ex_inst/alu_out_reg[7]_rep/D (clocked by sys_clk_pin). Large setup violations at the end of those stages might be difficult to fix during the post-placement implementation flow and could be the result of non-optimal XDC constraints or non-optimal design architecture
Related violations: <none>

TIMING-16#73 Warning
Large setup violation  
There is a large setup violation of -1.735 ns between ram_inst/ram_reg_2_0_5/CLKARDCLK (clocked by sys_clk_pin) and id_inst/rs1_data_out_reg[2]/D (clocked by sys_clk_pin). Large setup violations at the end of those stages might be difficult to fix during the post-placement implementation flow and could be the result of non-optimal XDC constraints or non-optimal design architecture
Related violations: <none>

TIMING-16#74 Warning
Large setup violation  
There is a large setup violation of -1.758 ns between ram_inst/ram_reg_3_0_7/CLKARDCLK (clocked by sys_clk_pin) and ex_inst/alu_out_reg[8]_rep/D (clocked by sys_clk_pin). Large setup violations at the end of those stages might be difficult to fix during the post-placement implementation flow and could be the result of non-optimal XDC constraints or non-optimal design architecture
Related violations: <none>

TIMING-16#75 Warning
Large setup violation  
There is a large setup violation of -1.772 ns between ram_inst/ram_reg_0_0_7/CLKARDCLK (clocked by sys_clk_pin) and ex_inst/alu_out_reg[21]/D (clocked by sys_clk_pin). Large setup violations at the end of those stages might be difficult to fix during the post-placement implementation flow and could be the result of non-optimal XDC constraints or non-optimal design architecture
Related violations: <none>

TIMING-16#76 Warning
Large setup violation  
There is a large setup violation of -1.772 ns between ram_inst/ram_reg_2_0_0/CLKARDCLK (clocked by sys_clk_pin) and id_inst/rs2_data_out_reg[6]/D (clocked by sys_clk_pin). Large setup violations at the end of those stages might be difficult to fix during the post-placement implementation flow and could be the result of non-optimal XDC constraints or non-optimal design architecture
Related violations: <none>

TIMING-16#77 Warning
Large setup violation  
There is a large setup violation of -1.773 ns between ram_inst/ram_reg_0_0_7/CLKARDCLK (clocked by sys_clk_pin) and id_inst/rs1_data_out_reg[13]/D (clocked by sys_clk_pin). Large setup violations at the end of those stages might be difficult to fix during the post-placement implementation flow and could be the result of non-optimal XDC constraints or non-optimal design architecture
Related violations: <none>

TIMING-16#78 Warning
Large setup violation  
There is a large setup violation of -1.777 ns between ram_inst/ram_reg_2_0_0/CLKARDCLK (clocked by sys_clk_pin) and ex_inst/alu_out_reg[9]_rep__2/D (clocked by sys_clk_pin). Large setup violations at the end of those stages might be difficult to fix during the post-placement implementation flow and could be the result of non-optimal XDC constraints or non-optimal design architecture
Related violations: <none>

TIMING-16#79 Warning
Large setup violation  
There is a large setup violation of -1.795 ns between ram_inst/ram_reg_2_0_0/CLKARDCLK (clocked by sys_clk_pin) and ex_inst/alu_out_reg[9]_rep/D (clocked by sys_clk_pin). Large setup violations at the end of those stages might be difficult to fix during the post-placement implementation flow and could be the result of non-optimal XDC constraints or non-optimal design architecture
Related violations: <none>

TIMING-16#80 Warning
Large setup violation  
There is a large setup violation of -1.804 ns between ram_inst/ram_reg_0_0_7/CLKARDCLK (clocked by sys_clk_pin) and id_inst/rs2_data_out_reg[27]/D (clocked by sys_clk_pin). Large setup violations at the end of those stages might be difficult to fix during the post-placement implementation flow and could be the result of non-optimal XDC constraints or non-optimal design architecture
Related violations: <none>

TIMING-16#81 Warning
Large setup violation  
There is a large setup violation of -1.808 ns between ram_inst/ram_reg_0_0_3/CLKARDCLK (clocked by sys_clk_pin) and id_inst/rs1_data_out_reg[25]/D (clocked by sys_clk_pin). Large setup violations at the end of those stages might be difficult to fix during the post-placement implementation flow and could be the result of non-optimal XDC constraints or non-optimal design architecture
Related violations: <none>

TIMING-16#82 Warning
Large setup violation  
There is a large setup violation of -1.808 ns between ram_inst/ram_reg_3_0_7/CLKARDCLK (clocked by sys_clk_pin) and ex_inst/alu_out_reg[4]_rep__1/D (clocked by sys_clk_pin). Large setup violations at the end of those stages might be difficult to fix during the post-placement implementation flow and could be the result of non-optimal XDC constraints or non-optimal design architecture
Related violations: <none>

TIMING-16#83 Warning
Large setup violation  
There is a large setup violation of -1.810 ns between ram_inst/ram_reg_0_0_3/CLKARDCLK (clocked by sys_clk_pin) and id_inst/rs1_data_out_reg[10]/D (clocked by sys_clk_pin). Large setup violations at the end of those stages might be difficult to fix during the post-placement implementation flow and could be the result of non-optimal XDC constraints or non-optimal design architecture
Related violations: <none>

TIMING-16#84 Warning
Large setup violation  
There is a large setup violation of -1.812 ns between ram_inst/ram_reg_2_0_7/CLKARDCLK (clocked by sys_clk_pin) and id_inst/rs1_data_out_reg[16]/D (clocked by sys_clk_pin). Large setup violations at the end of those stages might be difficult to fix during the post-placement implementation flow and could be the result of non-optimal XDC constraints or non-optimal design architecture
Related violations: <none>

TIMING-16#85 Warning
Large setup violation  
There is a large setup violation of -1.819 ns between ram_inst/ram_reg_0_0_3/CLKARDCLK (clocked by sys_clk_pin) and ex_inst/alu_out_reg[10]_rep__2/D (clocked by sys_clk_pin). Large setup violations at the end of those stages might be difficult to fix during the post-placement implementation flow and could be the result of non-optimal XDC constraints or non-optimal design architecture
Related violations: <none>

TIMING-16#86 Warning
Large setup violation  
There is a large setup violation of -1.822 ns between ram_inst/ram_reg_0_0_7/CLKARDCLK (clocked by sys_clk_pin) and id_inst/rs2_data_out_reg[8]/D (clocked by sys_clk_pin). Large setup violations at the end of those stages might be difficult to fix during the post-placement implementation flow and could be the result of non-optimal XDC constraints or non-optimal design architecture
Related violations: <none>

TIMING-16#87 Warning
Large setup violation  
There is a large setup violation of -1.827 ns between ram_inst/ram_reg_3_0_7/CLKARDCLK (clocked by sys_clk_pin) and ex_inst/alu_out_reg[14]_rep__0/D (clocked by sys_clk_pin). Large setup violations at the end of those stages might be difficult to fix during the post-placement implementation flow and could be the result of non-optimal XDC constraints or non-optimal design architecture
Related violations: <none>

TIMING-16#88 Warning
Large setup violation  
There is a large setup violation of -1.834 ns between ram_inst/ram_reg_3_0_7/CLKARDCLK (clocked by sys_clk_pin) and ex_inst/alu_out_reg[4]_rep/D (clocked by sys_clk_pin). Large setup violations at the end of those stages might be difficult to fix during the post-placement implementation flow and could be the result of non-optimal XDC constraints or non-optimal design architecture
Related violations: <none>

TIMING-16#89 Warning
Large setup violation  
There is a large setup violation of -1.839 ns between ram_inst/ram_reg_2_0_0/CLKARDCLK (clocked by sys_clk_pin) and id_inst/rs2_data_out_reg[30]/D (clocked by sys_clk_pin). Large setup violations at the end of those stages might be difficult to fix during the post-placement implementation flow and could be the result of non-optimal XDC constraints or non-optimal design architecture
Related violations: <none>

TIMING-16#90 Warning
Large setup violation  
There is a large setup violation of -1.843 ns between ram_inst/ram_reg_3_0_7/CLKARDCLK (clocked by sys_clk_pin) and ex_inst/alu_out_reg[14]_rep/D (clocked by sys_clk_pin). Large setup violations at the end of those stages might be difficult to fix during the post-placement implementation flow and could be the result of non-optimal XDC constraints or non-optimal design architecture
Related violations: <none>

TIMING-16#91 Warning
Large setup violation  
There is a large setup violation of -1.844 ns between ram_inst/ram_reg_2_0_5/CLKARDCLK (clocked by sys_clk_pin) and id_inst/rs2_data_out_reg[1]/D (clocked by sys_clk_pin). Large setup violations at the end of those stages might be difficult to fix during the post-placement implementation flow and could be the result of non-optimal XDC constraints or non-optimal design architecture
Related violations: <none>

TIMING-16#92 Warning
Large setup violation  
There is a large setup violation of -1.846 ns between ram_inst/ram_reg_2_0_7/CLKARDCLK (clocked by sys_clk_pin) and id_inst/rs1_data_out_reg[18]/D (clocked by sys_clk_pin). Large setup violations at the end of those stages might be difficult to fix during the post-placement implementation flow and could be the result of non-optimal XDC constraints or non-optimal design architecture
Related violations: <none>

TIMING-16#93 Warning
Large setup violation  
There is a large setup violation of -1.848 ns between ram_inst/ram_reg_2_0_0/CLKARDCLK (clocked by sys_clk_pin) and ex_inst/alu_out_reg[12]_rep__1/D (clocked by sys_clk_pin). Large setup violations at the end of those stages might be difficult to fix during the post-placement implementation flow and could be the result of non-optimal XDC constraints or non-optimal design architecture
Related violations: <none>

TIMING-16#94 Warning
Large setup violation  
There is a large setup violation of -1.860 ns between ram_inst/ram_reg_0_0_7/CLKARDCLK (clocked by sys_clk_pin) and id_inst/rs1_data_out_reg[11]/D (clocked by sys_clk_pin). Large setup violations at the end of those stages might be difficult to fix during the post-placement implementation flow and could be the result of non-optimal XDC constraints or non-optimal design architecture
Related violations: <none>

TIMING-16#95 Warning
Large setup violation  
There is a large setup violation of -1.879 ns between ram_inst/ram_reg_3_0_2/CLKARDCLK (clocked by sys_clk_pin) and ex_inst/alu_out_reg[5]_rep/D (clocked by sys_clk_pin). Large setup violations at the end of those stages might be difficult to fix during the post-placement implementation flow and could be the result of non-optimal XDC constraints or non-optimal design architecture
Related violations: <none>

TIMING-16#96 Warning
Large setup violation  
There is a large setup violation of -1.884 ns between ram_inst/ram_reg_0_0_3/CLKARDCLK (clocked by sys_clk_pin) and id_inst/rs1_data_out_reg[19]/D (clocked by sys_clk_pin). Large setup violations at the end of those stages might be difficult to fix during the post-placement implementation flow and could be the result of non-optimal XDC constraints or non-optimal design architecture
Related violations: <none>

TIMING-16#97 Warning
Large setup violation  
There is a large setup violation of -1.886 ns between ram_inst/ram_reg_3_0_7/CLKARDCLK (clocked by sys_clk_pin) and ex_inst/alu_out_reg[14]_rep__1/D (clocked by sys_clk_pin). Large setup violations at the end of those stages might be difficult to fix during the post-placement implementation flow and could be the result of non-optimal XDC constraints or non-optimal design architecture
Related violations: <none>

TIMING-16#98 Warning
Large setup violation  
There is a large setup violation of -1.893 ns between ram_inst/ram_reg_0_0_7/CLKARDCLK (clocked by sys_clk_pin) and id_inst/rs1_data_out_reg[26]/D (clocked by sys_clk_pin). Large setup violations at the end of those stages might be difficult to fix during the post-placement implementation flow and could be the result of non-optimal XDC constraints or non-optimal design architecture
Related violations: <none>

TIMING-16#99 Warning
Large setup violation  
There is a large setup violation of -1.897 ns between ram_inst/ram_reg_3_0_7/CLKARDCLK (clocked by sys_clk_pin) and ex_inst/alu_out_reg[14]/D (clocked by sys_clk_pin). Large setup violations at the end of those stages might be difficult to fix during the post-placement implementation flow and could be the result of non-optimal XDC constraints or non-optimal design architecture
Related violations: <none>

TIMING-16#100 Warning
Large setup violation  
There is a large setup violation of -1.905 ns between ram_inst/ram_reg_0_0_7/CLKARDCLK (clocked by sys_clk_pin) and ex_inst/alu_out_reg[11]_rep__2/D (clocked by sys_clk_pin). Large setup violations at the end of those stages might be difficult to fix during the post-placement implementation flow and could be the result of non-optimal XDC constraints or non-optimal design architecture
Related violations: <none>

TIMING-16#101 Warning
Large setup violation  
There is a large setup violation of -1.905 ns between ram_inst/ram_reg_0_0_7/CLKARDCLK (clocked by sys_clk_pin) and id_inst/rs2_data_out_reg[26]/D (clocked by sys_clk_pin). Large setup violations at the end of those stages might be difficult to fix during the post-placement implementation flow and could be the result of non-optimal XDC constraints or non-optimal design architecture
Related violations: <none>

TIMING-16#102 Warning
Large setup violation  
There is a large setup violation of -1.908 ns between ram_inst/ram_reg_2_0_7/CLKARDCLK (clocked by sys_clk_pin) and ex_inst/alu_out_reg[15]_rep__2/D (clocked by sys_clk_pin). Large setup violations at the end of those stages might be difficult to fix during the post-placement implementation flow and could be the result of non-optimal XDC constraints or non-optimal design architecture
Related violations: <none>

TIMING-16#103 Warning
Large setup violation  
There is a large setup violation of -1.911 ns between ram_inst/ram_reg_2_0_5/CLKARDCLK (clocked by sys_clk_pin) and id_inst/rs2_data_out_reg[2]/D (clocked by sys_clk_pin). Large setup violations at the end of those stages might be difficult to fix during the post-placement implementation flow and could be the result of non-optimal XDC constraints or non-optimal design architecture
Related violations: <none>

TIMING-16#104 Warning
Large setup violation  
There is a large setup violation of -1.915 ns between ram_inst/ram_reg_0_0_7/CLKARDCLK (clocked by sys_clk_pin) and ex_inst/alu_out_reg[13]_rep__2/D (clocked by sys_clk_pin). Large setup violations at the end of those stages might be difficult to fix during the post-placement implementation flow and could be the result of non-optimal XDC constraints or non-optimal design architecture
Related violations: <none>

TIMING-16#105 Warning
Large setup violation  
There is a large setup violation of -1.918 ns between ram_inst/ram_reg_2_0_0/CLKARDCLK (clocked by sys_clk_pin) and id_inst/rs2_data_out_reg[31]/D (clocked by sys_clk_pin). Large setup violations at the end of those stages might be difficult to fix during the post-placement implementation flow and could be the result of non-optimal XDC constraints or non-optimal design architecture
Related violations: <none>

TIMING-16#106 Warning
Large setup violation  
There is a large setup violation of -1.932 ns between ram_inst/ram_reg_2_0_0/CLKARDCLK (clocked by sys_clk_pin) and ex_inst/alu_out_reg[9]_rep__0/D (clocked by sys_clk_pin). Large setup violations at the end of those stages might be difficult to fix during the post-placement implementation flow and could be the result of non-optimal XDC constraints or non-optimal design architecture
Related violations: <none>

TIMING-16#107 Warning
Large setup violation  
There is a large setup violation of -1.938 ns between ram_inst/ram_reg_2_0_0/CLKARDCLK (clocked by sys_clk_pin) and ex_inst/alu_out_reg[9]_rep__1/D (clocked by sys_clk_pin). Large setup violations at the end of those stages might be difficult to fix during the post-placement implementation flow and could be the result of non-optimal XDC constraints or non-optimal design architecture
Related violations: <none>

TIMING-16#108 Warning
Large setup violation  
There is a large setup violation of -1.961 ns between ram_inst/ram_reg_3_0_7/CLKARDCLK (clocked by sys_clk_pin) and id_inst/rs2_data_out_reg[23]/D (clocked by sys_clk_pin). Large setup violations at the end of those stages might be difficult to fix during the post-placement implementation flow and could be the result of non-optimal XDC constraints or non-optimal design architecture
Related violations: <none>

TIMING-16#109 Warning
Large setup violation  
There is a large setup violation of -1.963 ns between ram_inst/ram_reg_2_0_7/CLKARDCLK (clocked by sys_clk_pin) and id_inst/rs2_data_out_reg[18]/D (clocked by sys_clk_pin). Large setup violations at the end of those stages might be difficult to fix during the post-placement implementation flow and could be the result of non-optimal XDC constraints or non-optimal design architecture
Related violations: <none>

TIMING-16#110 Warning
Large setup violation  
There is a large setup violation of -1.967 ns between ram_inst/ram_reg_3_0_7/CLKARDCLK (clocked by sys_clk_pin) and id_inst/rs1_data_out_reg[6]/D (clocked by sys_clk_pin). Large setup violations at the end of those stages might be difficult to fix during the post-placement implementation flow and could be the result of non-optimal XDC constraints or non-optimal design architecture
Related violations: <none>

TIMING-16#111 Warning
Large setup violation  
There is a large setup violation of -2.006 ns between ram_inst/ram_reg_2_0_0/CLKARDCLK (clocked by sys_clk_pin) and ex_inst/alu_out_reg[12]_rep__2/D (clocked by sys_clk_pin). Large setup violations at the end of those stages might be difficult to fix during the post-placement implementation flow and could be the result of non-optimal XDC constraints or non-optimal design architecture
Related violations: <none>

TIMING-16#112 Warning
Large setup violation  
There is a large setup violation of -2.008 ns between ram_inst/ram_reg_2_0_0/CLKARDCLK (clocked by sys_clk_pin) and ex_inst/alu_out_reg[12]_rep/D (clocked by sys_clk_pin). Large setup violations at the end of those stages might be difficult to fix during the post-placement implementation flow and could be the result of non-optimal XDC constraints or non-optimal design architecture
Related violations: <none>

TIMING-16#113 Warning
Large setup violation  
There is a large setup violation of -2.013 ns between ram_inst/ram_reg_3_0_7/CLKARDCLK (clocked by sys_clk_pin) and id_inst/rs1_data_out_reg[4]/D (clocked by sys_clk_pin). Large setup violations at the end of those stages might be difficult to fix during the post-placement implementation flow and could be the result of non-optimal XDC constraints or non-optimal design architecture
Related violations: <none>

TIMING-16#114 Warning
Large setup violation  
There is a large setup violation of -2.017 ns between ram_inst/ram_reg_0_0_7/CLKARDCLK (clocked by sys_clk_pin) and id_inst/rs2_data_out_reg[28]/D (clocked by sys_clk_pin). Large setup violations at the end of those stages might be difficult to fix during the post-placement implementation flow and could be the result of non-optimal XDC constraints or non-optimal design architecture
Related violations: <none>

TIMING-16#115 Warning
Large setup violation  
There is a large setup violation of -2.032 ns between ram_inst/ram_reg_2_0_0/CLKARDCLK (clocked by sys_clk_pin) and id_inst/rs1_data_out_reg[31]/D (clocked by sys_clk_pin). Large setup violations at the end of those stages might be difficult to fix during the post-placement implementation flow and could be the result of non-optimal XDC constraints or non-optimal design architecture
Related violations: <none>

TIMING-16#116 Warning
Large setup violation  
There is a large setup violation of -2.032 ns between ram_inst/ram_reg_2_0_0/CLKARDCLK (clocked by sys_clk_pin) and id_inst/rs2_data_out_reg[4]/D (clocked by sys_clk_pin). Large setup violations at the end of those stages might be difficult to fix during the post-placement implementation flow and could be the result of non-optimal XDC constraints or non-optimal design architecture
Related violations: <none>

TIMING-16#117 Warning
Large setup violation  
There is a large setup violation of -2.038 ns between ram_inst/ram_reg_2_0_7/CLKARDCLK (clocked by sys_clk_pin) and ex_inst/alu_out_reg[15]_rep/D (clocked by sys_clk_pin). Large setup violations at the end of those stages might be difficult to fix during the post-placement implementation flow and could be the result of non-optimal XDC constraints or non-optimal design architecture
Related violations: <none>

TIMING-16#118 Warning
Large setup violation  
There is a large setup violation of -2.049 ns between ram_inst/ram_reg_3_0_7/CLKARDCLK (clocked by sys_clk_pin) and ex_inst/alu_out_reg[13]_rep__0/D (clocked by sys_clk_pin). Large setup violations at the end of those stages might be difficult to fix during the post-placement implementation flow and could be the result of non-optimal XDC constraints or non-optimal design architecture
Related violations: <none>

TIMING-16#119 Warning
Large setup violation  
There is a large setup violation of -2.049 ns between ram_inst/ram_reg_3_0_7/CLKARDCLK (clocked by sys_clk_pin) and id_inst/rs2_data_out_reg[13]/D (clocked by sys_clk_pin). Large setup violations at the end of those stages might be difficult to fix during the post-placement implementation flow and could be the result of non-optimal XDC constraints or non-optimal design architecture
Related violations: <none>

TIMING-16#120 Warning
Large setup violation  
There is a large setup violation of -2.052 ns between ram_inst/ram_reg_2_0_5/CLKARDCLK (clocked by sys_clk_pin) and id_inst/rs2_data_out_reg[29]/D (clocked by sys_clk_pin). Large setup violations at the end of those stages might be difficult to fix during the post-placement implementation flow and could be the result of non-optimal XDC constraints or non-optimal design architecture
Related violations: <none>

TIMING-16#121 Warning
Large setup violation  
There is a large setup violation of -2.058 ns between ram_inst/ram_reg_3_0_7/CLKARDCLK (clocked by sys_clk_pin) and id_inst/rs1_data_out_reg[8]/D (clocked by sys_clk_pin). Large setup violations at the end of those stages might be difficult to fix during the post-placement implementation flow and could be the result of non-optimal XDC constraints or non-optimal design architecture
Related violations: <none>

TIMING-16#122 Warning
Large setup violation  
There is a large setup violation of -2.064 ns between ram_inst/ram_reg_2_0_7/CLKARDCLK (clocked by sys_clk_pin) and id_inst/rs1_data_out_reg[15]/D (clocked by sys_clk_pin). Large setup violations at the end of those stages might be difficult to fix during the post-placement implementation flow and could be the result of non-optimal XDC constraints or non-optimal design architecture
Related violations: <none>

TIMING-16#123 Warning
Large setup violation  
There is a large setup violation of -2.087 ns between ram_inst/ram_reg_3_0_7/CLKARDCLK (clocked by sys_clk_pin) and ex_inst/alu_out_reg[13]/D (clocked by sys_clk_pin). Large setup violations at the end of those stages might be difficult to fix during the post-placement implementation flow and could be the result of non-optimal XDC constraints or non-optimal design architecture
Related violations: <none>

TIMING-16#124 Warning
Large setup violation  
There is a large setup violation of -2.096 ns between ram_inst/ram_reg_3_0_2/CLKARDCLK (clocked by sys_clk_pin) and id_inst/rs1_data_out_reg[7]/D (clocked by sys_clk_pin). Large setup violations at the end of those stages might be difficult to fix during the post-placement implementation flow and could be the result of non-optimal XDC constraints or non-optimal design architecture
Related violations: <none>

TIMING-16#125 Warning
Large setup violation  
There is a large setup violation of -2.122 ns between ram_inst/ram_reg_2_0_0/CLKARDCLK (clocked by sys_clk_pin) and ex_inst/alu_out_reg[31]/D (clocked by sys_clk_pin). Large setup violations at the end of those stages might be difficult to fix during the post-placement implementation flow and could be the result of non-optimal XDC constraints or non-optimal design architecture
Related violations: <none>

TIMING-16#126 Warning
Large setup violation  
There is a large setup violation of -2.152 ns between ram_inst/ram_reg_2_0_5/CLKARDCLK (clocked by sys_clk_pin) and id_inst/rs1_data_out_reg[29]/D (clocked by sys_clk_pin). Large setup violations at the end of those stages might be difficult to fix during the post-placement implementation flow and could be the result of non-optimal XDC constraints or non-optimal design architecture
Related violations: <none>

TIMING-16#127 Warning
Large setup violation  
There is a large setup violation of -2.167 ns between ram_inst/ram_reg_0_0_7/CLKARDCLK (clocked by sys_clk_pin) and id_inst/rs1_data_out_reg[21]/D (clocked by sys_clk_pin). Large setup violations at the end of those stages might be difficult to fix during the post-placement implementation flow and could be the result of non-optimal XDC constraints or non-optimal design architecture
Related violations: <none>

TIMING-16#128 Warning
Large setup violation  
There is a large setup violation of -2.181 ns between ram_inst/ram_reg_2_0_0/CLKARDCLK (clocked by sys_clk_pin) and id_inst/rs2_data_out_reg[12]/D (clocked by sys_clk_pin). Large setup violations at the end of those stages might be difficult to fix during the post-placement implementation flow and could be the result of non-optimal XDC constraints or non-optimal design architecture
Related violations: <none>

TIMING-16#129 Warning
Large setup violation  
There is a large setup violation of -2.194 ns between ram_inst/ram_reg_3_0_7/CLKARDCLK (clocked by sys_clk_pin) and id_inst/rs2_data_out_reg[11]/D (clocked by sys_clk_pin). Large setup violations at the end of those stages might be difficult to fix during the post-placement implementation flow and could be the result of non-optimal XDC constraints or non-optimal design architecture
Related violations: <none>

TIMING-16#130 Warning
Large setup violation  
There is a large setup violation of -2.249 ns between ram_inst/ram_reg_0_0_3/CLKARDCLK (clocked by sys_clk_pin) and id_inst/rs2_data_out_reg[19]/D (clocked by sys_clk_pin). Large setup violations at the end of those stages might be difficult to fix during the post-placement implementation flow and could be the result of non-optimal XDC constraints or non-optimal design architecture
Related violations: <none>

TIMING-16#131 Warning
Large setup violation  
There is a large setup violation of -2.253 ns between ram_inst/ram_reg_2_0_7/CLKARDCLK (clocked by sys_clk_pin) and id_inst/rs2_data_out_reg[15]/D (clocked by sys_clk_pin). Large setup violations at the end of those stages might be difficult to fix during the post-placement implementation flow and could be the result of non-optimal XDC constraints or non-optimal design architecture
Related violations: <none>

TIMING-16#132 Warning
Large setup violation  
There is a large setup violation of -2.260 ns between ram_inst/ram_reg_2_0_0/CLKARDCLK (clocked by sys_clk_pin) and id_inst/rs1_data_out_reg[0]/D (clocked by sys_clk_pin). Large setup violations at the end of those stages might be difficult to fix during the post-placement implementation flow and could be the result of non-optimal XDC constraints or non-optimal design architecture
Related violations: <none>

TIMING-16#133 Warning
Large setup violation  
There is a large setup violation of -2.265 ns between ram_inst/ram_reg_2_0_0/CLKARDCLK (clocked by sys_clk_pin) and id_inst/rs1_data_out_reg[12]/D (clocked by sys_clk_pin). Large setup violations at the end of those stages might be difficult to fix during the post-placement implementation flow and could be the result of non-optimal XDC constraints or non-optimal design architecture
Related violations: <none>

TIMING-16#134 Warning
Large setup violation  
There is a large setup violation of -2.273 ns between ram_inst/ram_reg_3_0_2/CLKARDCLK (clocked by sys_clk_pin) and id_inst/rs2_data_out_reg[5]/D (clocked by sys_clk_pin). Large setup violations at the end of those stages might be difficult to fix during the post-placement implementation flow and could be the result of non-optimal XDC constraints or non-optimal design architecture
Related violations: <none>

TIMING-16#135 Warning
Large setup violation  
There is a large setup violation of -2.276 ns between ram_inst/ram_reg_3_0_7/CLKARDCLK (clocked by sys_clk_pin) and ex_inst/alu_out_reg[13]_rep__1/D (clocked by sys_clk_pin). Large setup violations at the end of those stages might be difficult to fix during the post-placement implementation flow and could be the result of non-optimal XDC constraints or non-optimal design architecture
Related violations: <none>

TIMING-16#136 Warning
Large setup violation  
There is a large setup violation of -2.309 ns between ram_inst/ram_reg_2_0_0/CLKARDCLK (clocked by sys_clk_pin) and id_inst/rs2_data_out_reg[0]/D (clocked by sys_clk_pin). Large setup violations at the end of those stages might be difficult to fix during the post-placement implementation flow and could be the result of non-optimal XDC constraints or non-optimal design architecture
Related violations: <none>

TIMING-16#137 Warning
Large setup violation  
There is a large setup violation of -2.334 ns between ram_inst/ram_reg_0_0_7/CLKARDCLK (clocked by sys_clk_pin) and id_inst/rs1_data_out_reg[28]/D (clocked by sys_clk_pin). Large setup violations at the end of those stages might be difficult to fix during the post-placement implementation flow and could be the result of non-optimal XDC constraints or non-optimal design architecture
Related violations: <none>

TIMING-16#138 Warning
Large setup violation  
There is a large setup violation of -2.343 ns between ram_inst/ram_reg_2_0_0/CLKARDCLK (clocked by sys_clk_pin) and id_inst/rs2_data_out_reg[9]/D (clocked by sys_clk_pin). Large setup violations at the end of those stages might be difficult to fix during the post-placement implementation flow and could be the result of non-optimal XDC constraints or non-optimal design architecture
Related violations: <none>

TIMING-16#139 Warning
Large setup violation  
There is a large setup violation of -2.372 ns between ram_inst/ram_reg_2_0_0/CLKARDCLK (clocked by sys_clk_pin) and id_inst/rs1_data_out_reg[30]/D (clocked by sys_clk_pin). Large setup violations at the end of those stages might be difficult to fix during the post-placement implementation flow and could be the result of non-optimal XDC constraints or non-optimal design architecture
Related violations: <none>

TIMING-16#140 Warning
Large setup violation  
There is a large setup violation of -2.396 ns between ram_inst/ram_reg_3_0_7/CLKARDCLK (clocked by sys_clk_pin) and id_inst/rs1_data_out_reg[14]/D (clocked by sys_clk_pin). Large setup violations at the end of those stages might be difficult to fix during the post-placement implementation flow and could be the result of non-optimal XDC constraints or non-optimal design architecture
Related violations: <none>

TIMING-16#141 Warning
Large setup violation  
There is a large setup violation of -2.409 ns between ram_inst/ram_reg_0_0_7/CLKARDCLK (clocked by sys_clk_pin) and id_inst/rs2_data_out_reg[21]/D (clocked by sys_clk_pin). Large setup violations at the end of those stages might be difficult to fix during the post-placement implementation flow and could be the result of non-optimal XDC constraints or non-optimal design architecture
Related violations: <none>

TIMING-16#142 Warning
Large setup violation  
There is a large setup violation of -2.458 ns between ram_inst/ram_reg_3_0_7/CLKARDCLK (clocked by sys_clk_pin) and id_inst/rs2_data_out_reg[14]/D (clocked by sys_clk_pin). Large setup violations at the end of those stages might be difficult to fix during the post-placement implementation flow and could be the result of non-optimal XDC constraints or non-optimal design architecture
Related violations: <none>

TIMING-16#143 Warning
Large setup violation  
There is a large setup violation of -2.484 ns between ram_inst/ram_reg_0_0_3/CLKARDCLK (clocked by sys_clk_pin) and id_inst/rs2_data_out_reg[25]/D (clocked by sys_clk_pin). Large setup violations at the end of those stages might be difficult to fix during the post-placement implementation flow and could be the result of non-optimal XDC constraints or non-optimal design architecture
Related violations: <none>

TIMING-16#144 Warning
Large setup violation  
There is a large setup violation of -2.513 ns between ram_inst/ram_reg_3_0_7/CLKARDCLK (clocked by sys_clk_pin) and ex_inst/alu_out_reg[13]_rep/D (clocked by sys_clk_pin). Large setup violations at the end of those stages might be difficult to fix during the post-placement implementation flow and could be the result of non-optimal XDC constraints or non-optimal design architecture
Related violations: <none>

TIMING-16#145 Warning
Large setup violation  
There is a large setup violation of -2.543 ns between ram_inst/ram_reg_0_0_3/CLKARDCLK (clocked by sys_clk_pin) and id_inst/rs2_data_out_reg[24]/D (clocked by sys_clk_pin). Large setup violations at the end of those stages might be difficult to fix during the post-placement implementation flow and could be the result of non-optimal XDC constraints or non-optimal design architecture
Related violations: <none>

TIMING-16#146 Warning
Large setup violation  
There is a large setup violation of -2.648 ns between ram_inst/ram_reg_3_0_7/CLKARDCLK (clocked by sys_clk_pin) and id_inst/rs2_data_out_reg[17]/D (clocked by sys_clk_pin). Large setup violations at the end of those stages might be difficult to fix during the post-placement implementation flow and could be the result of non-optimal XDC constraints or non-optimal design architecture
Related violations: <none>

TIMING-16#147 Warning
Large setup violation  
There is a large setup violation of -2.659 ns between ram_inst/ram_reg_0_0_3/CLKARDCLK (clocked by sys_clk_pin) and id_inst/rs1_data_out_reg[22]/D (clocked by sys_clk_pin). Large setup violations at the end of those stages might be difficult to fix during the post-placement implementation flow and could be the result of non-optimal XDC constraints or non-optimal design architecture
Related violations: <none>

TIMING-16#148 Warning
Large setup violation  
There is a large setup violation of -5.845 ns between ram_inst/ram_reg_2_0_0/CLKARDCLK (clocked by sys_clk_pin) and if_inst/PC_reg[6]_rep/D (clocked by sys_clk_pin). Large setup violations at the end of those stages might be difficult to fix during the post-placement implementation flow and could be the result of non-optimal XDC constraints or non-optimal design architecture
Related violations: <none>

TIMING-16#149 Warning
Large setup violation  
There is a large setup violation of -5.974 ns between ram_inst/ram_reg_2_0_0/CLKARDCLK (clocked by sys_clk_pin) and if_inst/PC_reg[12]/D (clocked by sys_clk_pin). Large setup violations at the end of those stages might be difficult to fix during the post-placement implementation flow and could be the result of non-optimal XDC constraints or non-optimal design architecture
Related violations: <none>

TIMING-16#150 Warning
Large setup violation  
There is a large setup violation of -5.980 ns between ram_inst/ram_reg_2_0_0/CLKARDCLK (clocked by sys_clk_pin) and if_inst/PC_reg[14]_rep__0/D (clocked by sys_clk_pin). Large setup violations at the end of those stages might be difficult to fix during the post-placement implementation flow and could be the result of non-optimal XDC constraints or non-optimal design architecture
Related violations: <none>

TIMING-16#151 Warning
Large setup violation  
There is a large setup violation of -5.981 ns between ram_inst/ram_reg_2_0_0/CLKARDCLK (clocked by sys_clk_pin) and id_inst/jump_enable_reg_reg/D (clocked by sys_clk_pin). Large setup violations at the end of those stages might be difficult to fix during the post-placement implementation flow and could be the result of non-optimal XDC constraints or non-optimal design architecture
Related violations: <none>

TIMING-16#152 Warning
Large setup violation  
There is a large setup violation of -5.984 ns between ram_inst/ram_reg_2_0_0/CLKARDCLK (clocked by sys_clk_pin) and if_inst/PC_reg[14]/D (clocked by sys_clk_pin). Large setup violations at the end of those stages might be difficult to fix during the post-placement implementation flow and could be the result of non-optimal XDC constraints or non-optimal design architecture
Related violations: <none>

TIMING-16#153 Warning
Large setup violation  
There is a large setup violation of -6.017 ns between ram_inst/ram_reg_2_0_0/CLKARDCLK (clocked by sys_clk_pin) and if_inst/PC_reg[26]/D (clocked by sys_clk_pin). Large setup violations at the end of those stages might be difficult to fix during the post-placement implementation flow and could be the result of non-optimal XDC constraints or non-optimal design architecture
Related violations: <none>

TIMING-16#154 Warning
Large setup violation  
There is a large setup violation of -6.019 ns between ram_inst/ram_reg_2_0_0/CLKARDCLK (clocked by sys_clk_pin) and if_inst/PC_reg[14]_rep__3/D (clocked by sys_clk_pin). Large setup violations at the end of those stages might be difficult to fix during the post-placement implementation flow and could be the result of non-optimal XDC constraints or non-optimal design architecture
Related violations: <none>

TIMING-16#155 Warning
Large setup violation  
There is a large setup violation of -6.023 ns between ram_inst/ram_reg_2_0_0/CLKARDCLK (clocked by sys_clk_pin) and if_inst/PC_reg[8]_rep__0/D (clocked by sys_clk_pin). Large setup violations at the end of those stages might be difficult to fix during the post-placement implementation flow and could be the result of non-optimal XDC constraints or non-optimal design architecture
Related violations: <none>

TIMING-16#156 Warning
Large setup violation  
There is a large setup violation of -6.028 ns between ram_inst/ram_reg_2_0_0/CLKARDCLK (clocked by sys_clk_pin) and if_inst/PC_reg[19]/D (clocked by sys_clk_pin). Large setup violations at the end of those stages might be difficult to fix during the post-placement implementation flow and could be the result of non-optimal XDC constraints or non-optimal design architecture
Related violations: <none>

TIMING-16#157 Warning
Large setup violation  
There is a large setup violation of -6.030 ns between ram_inst/ram_reg_2_0_0/CLKARDCLK (clocked by sys_clk_pin) and if_inst/PC_reg[3]_rep/D (clocked by sys_clk_pin). Large setup violations at the end of those stages might be difficult to fix during the post-placement implementation flow and could be the result of non-optimal XDC constraints or non-optimal design architecture
Related violations: <none>

TIMING-16#158 Warning
Large setup violation  
There is a large setup violation of -6.031 ns between ram_inst/ram_reg_2_0_0/CLKARDCLK (clocked by sys_clk_pin) and if_inst/PC_reg[13]_rep/D (clocked by sys_clk_pin). Large setup violations at the end of those stages might be difficult to fix during the post-placement implementation flow and could be the result of non-optimal XDC constraints or non-optimal design architecture
Related violations: <none>

TIMING-16#159 Warning
Large setup violation  
There is a large setup violation of -6.032 ns between ram_inst/ram_reg_2_0_0/CLKARDCLK (clocked by sys_clk_pin) and if_inst/PC_reg[17]/D (clocked by sys_clk_pin). Large setup violations at the end of those stages might be difficult to fix during the post-placement implementation flow and could be the result of non-optimal XDC constraints or non-optimal design architecture
Related violations: <none>

TIMING-16#160 Warning
Large setup violation  
There is a large setup violation of -6.038 ns between ram_inst/ram_reg_2_0_0/CLKARDCLK (clocked by sys_clk_pin) and if_inst/PC_reg[22]/D (clocked by sys_clk_pin). Large setup violations at the end of those stages might be difficult to fix during the post-placement implementation flow and could be the result of non-optimal XDC constraints or non-optimal design architecture
Related violations: <none>

TIMING-16#161 Warning
Large setup violation  
There is a large setup violation of -6.042 ns between ram_inst/ram_reg_2_0_0/CLKARDCLK (clocked by sys_clk_pin) and if_inst/PC_reg[4]_rep__2/D (clocked by sys_clk_pin). Large setup violations at the end of those stages might be difficult to fix during the post-placement implementation flow and could be the result of non-optimal XDC constraints or non-optimal design architecture
Related violations: <none>

TIMING-16#162 Warning
Large setup violation  
There is a large setup violation of -6.043 ns between ram_inst/ram_reg_2_0_0/CLKARDCLK (clocked by sys_clk_pin) and if_inst/PC_reg[12]_rep__1/D (clocked by sys_clk_pin). Large setup violations at the end of those stages might be difficult to fix during the post-placement implementation flow and could be the result of non-optimal XDC constraints or non-optimal design architecture
Related violations: <none>

TIMING-16#163 Warning
Large setup violation  
There is a large setup violation of -6.047 ns between ram_inst/ram_reg_2_0_0/CLKARDCLK (clocked by sys_clk_pin) and if_inst/PC_reg[13]_rep__0/D (clocked by sys_clk_pin). Large setup violations at the end of those stages might be difficult to fix during the post-placement implementation flow and could be the result of non-optimal XDC constraints or non-optimal design architecture
Related violations: <none>

TIMING-16#164 Warning
Large setup violation  
There is a large setup violation of -6.050 ns between ram_inst/ram_reg_2_0_0/CLKARDCLK (clocked by sys_clk_pin) and if_inst/PC_reg[15]_rep__0/D (clocked by sys_clk_pin). Large setup violations at the end of those stages might be difficult to fix during the post-placement implementation flow and could be the result of non-optimal XDC constraints or non-optimal design architecture
Related violations: <none>

TIMING-16#165 Warning
Large setup violation  
There is a large setup violation of -6.050 ns between ram_inst/ram_reg_2_0_0/CLKARDCLK (clocked by sys_clk_pin) and if_inst/PC_reg[15]_rep__3/D (clocked by sys_clk_pin). Large setup violations at the end of those stages might be difficult to fix during the post-placement implementation flow and could be the result of non-optimal XDC constraints or non-optimal design architecture
Related violations: <none>

TIMING-16#166 Warning
Large setup violation  
There is a large setup violation of -6.052 ns between ram_inst/ram_reg_2_0_0/CLKARDCLK (clocked by sys_clk_pin) and if_inst/PC_reg[15]_rep/D (clocked by sys_clk_pin). Large setup violations at the end of those stages might be difficult to fix during the post-placement implementation flow and could be the result of non-optimal XDC constraints or non-optimal design architecture
Related violations: <none>

TIMING-16#167 Warning
Large setup violation  
There is a large setup violation of -6.052 ns between ram_inst/ram_reg_2_0_0/CLKARDCLK (clocked by sys_clk_pin) and if_inst/PC_reg[30]/D (clocked by sys_clk_pin). Large setup violations at the end of those stages might be difficult to fix during the post-placement implementation flow and could be the result of non-optimal XDC constraints or non-optimal design architecture
Related violations: <none>

TIMING-16#168 Warning
Large setup violation  
There is a large setup violation of -6.055 ns between ram_inst/ram_reg_2_0_0/CLKARDCLK (clocked by sys_clk_pin) and if_inst/PC_reg[15]/D (clocked by sys_clk_pin). Large setup violations at the end of those stages might be difficult to fix during the post-placement implementation flow and could be the result of non-optimal XDC constraints or non-optimal design architecture
Related violations: <none>

TIMING-16#169 Warning
Large setup violation  
There is a large setup violation of -6.061 ns between ram_inst/ram_reg_2_0_0/CLKARDCLK (clocked by sys_clk_pin) and if_inst/PC_reg[12]_rep__3/D (clocked by sys_clk_pin). Large setup violations at the end of those stages might be difficult to fix during the post-placement implementation flow and could be the result of non-optimal XDC constraints or non-optimal design architecture
Related violations: <none>

TIMING-16#170 Warning
Large setup violation  
There is a large setup violation of -6.068 ns between ram_inst/ram_reg_2_0_0/CLKARDCLK (clocked by sys_clk_pin) and if_inst/PC_reg[8]/D (clocked by sys_clk_pin). Large setup violations at the end of those stages might be difficult to fix during the post-placement implementation flow and could be the result of non-optimal XDC constraints or non-optimal design architecture
Related violations: <none>

TIMING-16#171 Warning
Large setup violation  
There is a large setup violation of -6.072 ns between ram_inst/ram_reg_2_0_0/CLKARDCLK (clocked by sys_clk_pin) and if_inst/PC_reg[16]_rep__1/D (clocked by sys_clk_pin). Large setup violations at the end of those stages might be difficult to fix during the post-placement implementation flow and could be the result of non-optimal XDC constraints or non-optimal design architecture
Related violations: <none>

TIMING-16#172 Warning
Large setup violation  
There is a large setup violation of -6.107 ns between ram_inst/ram_reg_2_0_0/CLKARDCLK (clocked by sys_clk_pin) and if_inst/PC_reg[24]/D (clocked by sys_clk_pin). Large setup violations at the end of those stages might be difficult to fix during the post-placement implementation flow and could be the result of non-optimal XDC constraints or non-optimal design architecture
Related violations: <none>

TIMING-16#173 Warning
Large setup violation  
There is a large setup violation of -6.127 ns between ram_inst/ram_reg_2_0_0/CLKARDCLK (clocked by sys_clk_pin) and if_inst/PC_reg[8]_rep__3/D (clocked by sys_clk_pin). Large setup violations at the end of those stages might be difficult to fix during the post-placement implementation flow and could be the result of non-optimal XDC constraints or non-optimal design architecture
Related violations: <none>

TIMING-16#174 Warning
Large setup violation  
There is a large setup violation of -6.136 ns between ram_inst/ram_reg_2_0_0/CLKARDCLK (clocked by sys_clk_pin) and if_inst/PC_reg[27]/D (clocked by sys_clk_pin). Large setup violations at the end of those stages might be difficult to fix during the post-placement implementation flow and could be the result of non-optimal XDC constraints or non-optimal design architecture
Related violations: <none>

TIMING-16#175 Warning
Large setup violation  
There is a large setup violation of -6.156 ns between ram_inst/ram_reg_2_0_0/CLKARDCLK (clocked by sys_clk_pin) and if_inst/PC_reg[28]/D (clocked by sys_clk_pin). Large setup violations at the end of those stages might be difficult to fix during the post-placement implementation flow and could be the result of non-optimal XDC constraints or non-optimal design architecture
Related violations: <none>

TIMING-16#176 Warning
Large setup violation  
There is a large setup violation of -6.156 ns between ram_inst/ram_reg_2_0_0/CLKARDCLK (clocked by sys_clk_pin) and if_inst/PC_reg[6]_rep__1/D (clocked by sys_clk_pin). Large setup violations at the end of those stages might be difficult to fix during the post-placement implementation flow and could be the result of non-optimal XDC constraints or non-optimal design architecture
Related violations: <none>

TIMING-16#177 Warning
Large setup violation  
There is a large setup violation of -6.157 ns between ram_inst/ram_reg_2_0_0/CLKARDCLK (clocked by sys_clk_pin) and if_inst/PC_reg[15]_rep__1/D (clocked by sys_clk_pin). Large setup violations at the end of those stages might be difficult to fix during the post-placement implementation flow and could be the result of non-optimal XDC constraints or non-optimal design architecture
Related violations: <none>

TIMING-16#178 Warning
Large setup violation  
There is a large setup violation of -6.157 ns between ram_inst/ram_reg_2_0_0/CLKARDCLK (clocked by sys_clk_pin) and if_inst/PC_reg[16]_rep__0/D (clocked by sys_clk_pin). Large setup violations at the end of those stages might be difficult to fix during the post-placement implementation flow and could be the result of non-optimal XDC constraints or non-optimal design architecture
Related violations: <none>

TIMING-16#179 Warning
Large setup violation  
There is a large setup violation of -6.157 ns between ram_inst/ram_reg_2_0_0/CLKARDCLK (clocked by sys_clk_pin) and if_inst/PC_reg[5]_rep/D (clocked by sys_clk_pin). Large setup violations at the end of those stages might be difficult to fix during the post-placement implementation flow and could be the result of non-optimal XDC constraints or non-optimal design architecture
Related violations: <none>

TIMING-16#180 Warning
Large setup violation  
There is a large setup violation of -6.159 ns between ram_inst/ram_reg_2_0_0/CLKARDCLK (clocked by sys_clk_pin) and if_inst/PC_reg[31]/D (clocked by sys_clk_pin). Large setup violations at the end of those stages might be difficult to fix during the post-placement implementation flow and could be the result of non-optimal XDC constraints or non-optimal design architecture
Related violations: <none>

TIMING-16#181 Warning
Large setup violation  
There is a large setup violation of -6.160 ns between ram_inst/ram_reg_2_0_0/CLKARDCLK (clocked by sys_clk_pin) and if_inst/PC_reg[12]_rep__2/D (clocked by sys_clk_pin). Large setup violations at the end of those stages might be difficult to fix during the post-placement implementation flow and could be the result of non-optimal XDC constraints or non-optimal design architecture
Related violations: <none>

TIMING-16#182 Warning
Large setup violation  
There is a large setup violation of -6.164 ns between ram_inst/ram_reg_2_0_0/CLKARDCLK (clocked by sys_clk_pin) and if_inst/PC_reg[6]_rep__3/D (clocked by sys_clk_pin). Large setup violations at the end of those stages might be difficult to fix during the post-placement implementation flow and could be the result of non-optimal XDC constraints or non-optimal design architecture
Related violations: <none>

TIMING-16#183 Warning
Large setup violation  
There is a large setup violation of -6.165 ns between ram_inst/ram_reg_2_0_0/CLKARDCLK (clocked by sys_clk_pin) and if_inst/PC_reg[7]_rep__3/D (clocked by sys_clk_pin). Large setup violations at the end of those stages might be difficult to fix during the post-placement implementation flow and could be the result of non-optimal XDC constraints or non-optimal design architecture
Related violations: <none>

TIMING-16#184 Warning
Large setup violation  
There is a large setup violation of -6.170 ns between ram_inst/ram_reg_2_0_0/CLKARDCLK (clocked by sys_clk_pin) and if_inst/PC_reg[4]_rep__1/D (clocked by sys_clk_pin). Large setup violations at the end of those stages might be difficult to fix during the post-placement implementation flow and could be the result of non-optimal XDC constraints or non-optimal design architecture
Related violations: <none>

TIMING-16#185 Warning
Large setup violation  
There is a large setup violation of -6.171 ns between ram_inst/ram_reg_2_0_0/CLKARDCLK (clocked by sys_clk_pin) and if_inst/PC_reg[15]_rep__2/D (clocked by sys_clk_pin). Large setup violations at the end of those stages might be difficult to fix during the post-placement implementation flow and could be the result of non-optimal XDC constraints or non-optimal design architecture
Related violations: <none>

TIMING-16#186 Warning
Large setup violation  
There is a large setup violation of -6.171 ns between ram_inst/ram_reg_2_0_0/CLKARDCLK (clocked by sys_clk_pin) and if_inst/PC_reg[7]_rep/D (clocked by sys_clk_pin). Large setup violations at the end of those stages might be difficult to fix during the post-placement implementation flow and could be the result of non-optimal XDC constraints or non-optimal design architecture
Related violations: <none>

TIMING-16#187 Warning
Large setup violation  
There is a large setup violation of -6.175 ns between ram_inst/ram_reg_2_0_0/CLKARDCLK (clocked by sys_clk_pin) and if_inst/PC_reg[14]_rep/D (clocked by sys_clk_pin). Large setup violations at the end of those stages might be difficult to fix during the post-placement implementation flow and could be the result of non-optimal XDC constraints or non-optimal design architecture
Related violations: <none>

TIMING-16#188 Warning
Large setup violation  
There is a large setup violation of -6.175 ns between ram_inst/ram_reg_2_0_0/CLKARDCLK (clocked by sys_clk_pin) and if_inst/PC_reg[3]_rep__3/D (clocked by sys_clk_pin). Large setup violations at the end of those stages might be difficult to fix during the post-placement implementation flow and could be the result of non-optimal XDC constraints or non-optimal design architecture
Related violations: <none>

TIMING-16#189 Warning
Large setup violation  
There is a large setup violation of -6.175 ns between ram_inst/ram_reg_2_0_0/CLKARDCLK (clocked by sys_clk_pin) and if_inst/PC_reg[6]/D (clocked by sys_clk_pin). Large setup violations at the end of those stages might be difficult to fix during the post-placement implementation flow and could be the result of non-optimal XDC constraints or non-optimal design architecture
Related violations: <none>

TIMING-16#190 Warning
Large setup violation  
There is a large setup violation of -6.177 ns between ram_inst/ram_reg_2_0_0/CLKARDCLK (clocked by sys_clk_pin) and if_inst/PC_reg[25]/D (clocked by sys_clk_pin). Large setup violations at the end of those stages might be difficult to fix during the post-placement implementation flow and could be the result of non-optimal XDC constraints or non-optimal design architecture
Related violations: <none>

TIMING-16#191 Warning
Large setup violation  
There is a large setup violation of -6.188 ns between ram_inst/ram_reg_2_0_0/CLKARDCLK (clocked by sys_clk_pin) and if_inst/PC_reg[6]_rep__2/D (clocked by sys_clk_pin). Large setup violations at the end of those stages might be difficult to fix during the post-placement implementation flow and could be the result of non-optimal XDC constraints or non-optimal design architecture
Related violations: <none>

TIMING-16#192 Warning
Large setup violation  
There is a large setup violation of -6.189 ns between ram_inst/ram_reg_2_0_0/CLKARDCLK (clocked by sys_clk_pin) and if_inst/PC_reg[6]_rep__0/D (clocked by sys_clk_pin). Large setup violations at the end of those stages might be difficult to fix during the post-placement implementation flow and could be the result of non-optimal XDC constraints or non-optimal design architecture
Related violations: <none>

TIMING-16#193 Warning
Large setup violation  
There is a large setup violation of -6.192 ns between ram_inst/ram_reg_2_0_0/CLKARDCLK (clocked by sys_clk_pin) and if_inst/PC_reg[11]/D (clocked by sys_clk_pin). Large setup violations at the end of those stages might be difficult to fix during the post-placement implementation flow and could be the result of non-optimal XDC constraints or non-optimal design architecture
Related violations: <none>

TIMING-16#194 Warning
Large setup violation  
There is a large setup violation of -6.193 ns between ram_inst/ram_reg_2_0_0/CLKARDCLK (clocked by sys_clk_pin) and if_inst/PC_reg[11]_rep__0/D (clocked by sys_clk_pin). Large setup violations at the end of those stages might be difficult to fix during the post-placement implementation flow and could be the result of non-optimal XDC constraints or non-optimal design architecture
Related violations: <none>

TIMING-16#195 Warning
Large setup violation  
There is a large setup violation of -6.195 ns between ram_inst/ram_reg_2_0_0/CLKARDCLK (clocked by sys_clk_pin) and if_inst/PC_reg[13]_rep__3/D (clocked by sys_clk_pin). Large setup violations at the end of those stages might be difficult to fix during the post-placement implementation flow and could be the result of non-optimal XDC constraints or non-optimal design architecture
Related violations: <none>

TIMING-16#196 Warning
Large setup violation  
There is a large setup violation of -6.195 ns between ram_inst/ram_reg_2_0_0/CLKARDCLK (clocked by sys_clk_pin) and if_inst/PC_reg[16]_rep/D (clocked by sys_clk_pin). Large setup violations at the end of those stages might be difficult to fix during the post-placement implementation flow and could be the result of non-optimal XDC constraints or non-optimal design architecture
Related violations: <none>

TIMING-16#197 Warning
Large setup violation  
There is a large setup violation of -6.195 ns between ram_inst/ram_reg_2_0_0/CLKARDCLK (clocked by sys_clk_pin) and if_inst/PC_reg[9]/D (clocked by sys_clk_pin). Large setup violations at the end of those stages might be difficult to fix during the post-placement implementation flow and could be the result of non-optimal XDC constraints or non-optimal design architecture
Related violations: <none>

TIMING-16#198 Warning
Large setup violation  
There is a large setup violation of -6.197 ns between ram_inst/ram_reg_2_0_0/CLKARDCLK (clocked by sys_clk_pin) and if_inst/PC_reg[5]_rep__1/D (clocked by sys_clk_pin). Large setup violations at the end of those stages might be difficult to fix during the post-placement implementation flow and could be the result of non-optimal XDC constraints or non-optimal design architecture
Related violations: <none>

TIMING-16#199 Warning
Large setup violation  
There is a large setup violation of -6.199 ns between ram_inst/ram_reg_2_0_0/CLKARDCLK (clocked by sys_clk_pin) and if_inst/PC_reg[16]/D (clocked by sys_clk_pin). Large setup violations at the end of those stages might be difficult to fix during the post-placement implementation flow and could be the result of non-optimal XDC constraints or non-optimal design architecture
Related violations: <none>

TIMING-16#200 Warning
Large setup violation  
There is a large setup violation of -6.200 ns between ram_inst/ram_reg_2_0_0/CLKARDCLK (clocked by sys_clk_pin) and if_inst/PC_reg[16]_rep__3/D (clocked by sys_clk_pin). Large setup violations at the end of those stages might be difficult to fix during the post-placement implementation flow and could be the result of non-optimal XDC constraints or non-optimal design architecture
Related violations: <none>

TIMING-16#201 Warning
Large setup violation  
There is a large setup violation of -6.200 ns between ram_inst/ram_reg_2_0_0/CLKARDCLK (clocked by sys_clk_pin) and if_inst/PC_reg[1]/D (clocked by sys_clk_pin). Large setup violations at the end of those stages might be difficult to fix during the post-placement implementation flow and could be the result of non-optimal XDC constraints or non-optimal design architecture
Related violations: <none>

TIMING-16#202 Warning
Large setup violation  
There is a large setup violation of -6.203 ns between ram_inst/ram_reg_2_0_0/CLKARDCLK (clocked by sys_clk_pin) and if_inst/PC_reg[11]_rep__1/D (clocked by sys_clk_pin). Large setup violations at the end of those stages might be difficult to fix during the post-placement implementation flow and could be the result of non-optimal XDC constraints or non-optimal design architecture
Related violations: <none>

TIMING-16#203 Warning
Large setup violation  
There is a large setup violation of -6.207 ns between ram_inst/ram_reg_2_0_0/CLKARDCLK (clocked by sys_clk_pin) and if_inst/PC_reg[14]_rep__2/D (clocked by sys_clk_pin). Large setup violations at the end of those stages might be difficult to fix during the post-placement implementation flow and could be the result of non-optimal XDC constraints or non-optimal design architecture
Related violations: <none>

TIMING-16#204 Warning
Large setup violation  
There is a large setup violation of -6.208 ns between ram_inst/ram_reg_2_0_0/CLKARDCLK (clocked by sys_clk_pin) and if_inst/PC_reg[10]/D (clocked by sys_clk_pin). Large setup violations at the end of those stages might be difficult to fix during the post-placement implementation flow and could be the result of non-optimal XDC constraints or non-optimal design architecture
Related violations: <none>

TIMING-16#205 Warning
Large setup violation  
There is a large setup violation of -6.208 ns between ram_inst/ram_reg_2_0_0/CLKARDCLK (clocked by sys_clk_pin) and if_inst/PC_reg[4]/D (clocked by sys_clk_pin). Large setup violations at the end of those stages might be difficult to fix during the post-placement implementation flow and could be the result of non-optimal XDC constraints or non-optimal design architecture
Related violations: <none>

TIMING-16#206 Warning
Large setup violation  
There is a large setup violation of -6.214 ns between ram_inst/ram_reg_2_0_0/CLKARDCLK (clocked by sys_clk_pin) and if_inst/PC_reg[14]_rep__1/D (clocked by sys_clk_pin). Large setup violations at the end of those stages might be difficult to fix during the post-placement implementation flow and could be the result of non-optimal XDC constraints or non-optimal design architecture
Related violations: <none>

TIMING-16#207 Warning
Large setup violation  
There is a large setup violation of -6.215 ns between ram_inst/ram_reg_2_0_0/CLKARDCLK (clocked by sys_clk_pin) and if_inst/PC_reg[11]_rep/D (clocked by sys_clk_pin). Large setup violations at the end of those stages might be difficult to fix during the post-placement implementation flow and could be the result of non-optimal XDC constraints or non-optimal design architecture
Related violations: <none>

TIMING-16#208 Warning
Large setup violation  
There is a large setup violation of -6.217 ns between ram_inst/ram_reg_2_0_0/CLKARDCLK (clocked by sys_clk_pin) and if_inst/PC_reg[13]_rep__2/D (clocked by sys_clk_pin). Large setup violations at the end of those stages might be difficult to fix during the post-placement implementation flow and could be the result of non-optimal XDC constraints or non-optimal design architecture
Related violations: <none>

TIMING-16#209 Warning
Large setup violation  
There is a large setup violation of -6.218 ns between ram_inst/ram_reg_2_0_0/CLKARDCLK (clocked by sys_clk_pin) and if_inst/PC_reg[16]_rep__2/D (clocked by sys_clk_pin). Large setup violations at the end of those stages might be difficult to fix during the post-placement implementation flow and could be the result of non-optimal XDC constraints or non-optimal design architecture
Related violations: <none>

TIMING-16#210 Warning
Large setup violation  
There is a large setup violation of -6.218 ns between ram_inst/ram_reg_2_0_0/CLKARDCLK (clocked by sys_clk_pin) and if_inst/PC_reg[5]/D (clocked by sys_clk_pin). Large setup violations at the end of those stages might be difficult to fix during the post-placement implementation flow and could be the result of non-optimal XDC constraints or non-optimal design architecture
Related violations: <none>

TIMING-16#211 Warning
Large setup violation  
There is a large setup violation of -6.218 ns between ram_inst/ram_reg_2_0_0/CLKARDCLK (clocked by sys_clk_pin) and if_inst/PC_reg[9]_rep__0/D (clocked by sys_clk_pin). Large setup violations at the end of those stages might be difficult to fix during the post-placement implementation flow and could be the result of non-optimal XDC constraints or non-optimal design architecture
Related violations: <none>

TIMING-16#212 Warning
Large setup violation  
There is a large setup violation of -6.218 ns between ram_inst/ram_reg_2_0_0/CLKARDCLK (clocked by sys_clk_pin) and if_inst/PC_reg[9]_rep__2/D (clocked by sys_clk_pin). Large setup violations at the end of those stages might be difficult to fix during the post-placement implementation flow and could be the result of non-optimal XDC constraints or non-optimal design architecture
Related violations: <none>

TIMING-16#213 Warning
Large setup violation  
There is a large setup violation of -6.219 ns between ram_inst/ram_reg_2_0_0/CLKARDCLK (clocked by sys_clk_pin) and if_inst/PC_reg[7]_rep__1/D (clocked by sys_clk_pin). Large setup violations at the end of those stages might be difficult to fix during the post-placement implementation flow and could be the result of non-optimal XDC constraints or non-optimal design architecture
Related violations: <none>

TIMING-16#214 Warning
Large setup violation  
There is a large setup violation of -6.220 ns between ram_inst/ram_reg_2_0_0/CLKARDCLK (clocked by sys_clk_pin) and if_inst/PC_reg[9]_rep/D (clocked by sys_clk_pin). Large setup violations at the end of those stages might be difficult to fix during the post-placement implementation flow and could be the result of non-optimal XDC constraints or non-optimal design architecture
Related violations: <none>

TIMING-16#215 Warning
Large setup violation  
There is a large setup violation of -6.221 ns between ram_inst/ram_reg_2_0_0/CLKARDCLK (clocked by sys_clk_pin) and if_inst/PC_reg[10]_rep__0/D (clocked by sys_clk_pin). Large setup violations at the end of those stages might be difficult to fix during the post-placement implementation flow and could be the result of non-optimal XDC constraints or non-optimal design architecture
Related violations: <none>

TIMING-16#216 Warning
Large setup violation  
There is a large setup violation of -6.222 ns between ram_inst/ram_reg_2_0_0/CLKARDCLK (clocked by sys_clk_pin) and if_inst/PC_reg[10]_rep__3/D (clocked by sys_clk_pin). Large setup violations at the end of those stages might be difficult to fix during the post-placement implementation flow and could be the result of non-optimal XDC constraints or non-optimal design architecture
Related violations: <none>

TIMING-16#217 Warning
Large setup violation  
There is a large setup violation of -6.222 ns between ram_inst/ram_reg_2_0_0/CLKARDCLK (clocked by sys_clk_pin) and if_inst/PC_reg[2]/D (clocked by sys_clk_pin). Large setup violations at the end of those stages might be difficult to fix during the post-placement implementation flow and could be the result of non-optimal XDC constraints or non-optimal design architecture
Related violations: <none>

TIMING-16#218 Warning
Large setup violation  
There is a large setup violation of -6.223 ns between ram_inst/ram_reg_2_0_0/CLKARDCLK (clocked by sys_clk_pin) and if_inst/PC_reg[13]_rep__1/D (clocked by sys_clk_pin). Large setup violations at the end of those stages might be difficult to fix during the post-placement implementation flow and could be the result of non-optimal XDC constraints or non-optimal design architecture
Related violations: <none>

TIMING-16#219 Warning
Large setup violation  
There is a large setup violation of -6.224 ns between ram_inst/ram_reg_2_0_0/CLKARDCLK (clocked by sys_clk_pin) and if_inst/PC_reg[11]_rep__3/D (clocked by sys_clk_pin). Large setup violations at the end of those stages might be difficult to fix during the post-placement implementation flow and could be the result of non-optimal XDC constraints or non-optimal design architecture
Related violations: <none>

TIMING-16#220 Warning
Large setup violation  
There is a large setup violation of -6.224 ns between ram_inst/ram_reg_2_0_0/CLKARDCLK (clocked by sys_clk_pin) and if_inst/PC_reg[3]_rep__1/D (clocked by sys_clk_pin). Large setup violations at the end of those stages might be difficult to fix during the post-placement implementation flow and could be the result of non-optimal XDC constraints or non-optimal design architecture
Related violations: <none>

TIMING-16#221 Warning
Large setup violation  
There is a large setup violation of -6.224 ns between ram_inst/ram_reg_2_0_0/CLKARDCLK (clocked by sys_clk_pin) and if_inst/PC_reg[5]_rep__0/D (clocked by sys_clk_pin). Large setup violations at the end of those stages might be difficult to fix during the post-placement implementation flow and could be the result of non-optimal XDC constraints or non-optimal design architecture
Related violations: <none>

TIMING-16#222 Warning
Large setup violation  
There is a large setup violation of -6.225 ns between ram_inst/ram_reg_2_0_0/CLKARDCLK (clocked by sys_clk_pin) and if_inst/PC_reg[11]_rep__2/D (clocked by sys_clk_pin). Large setup violations at the end of those stages might be difficult to fix during the post-placement implementation flow and could be the result of non-optimal XDC constraints or non-optimal design architecture
Related violations: <none>

TIMING-16#223 Warning
Large setup violation  
There is a large setup violation of -6.226 ns between ram_inst/ram_reg_2_0_0/CLKARDCLK (clocked by sys_clk_pin) and if_inst/PC_reg[3]_rep__2/D (clocked by sys_clk_pin). Large setup violations at the end of those stages might be difficult to fix during the post-placement implementation flow and could be the result of non-optimal XDC constraints or non-optimal design architecture
Related violations: <none>

TIMING-16#224 Warning
Large setup violation  
There is a large setup violation of -6.227 ns between ram_inst/ram_reg_2_0_0/CLKARDCLK (clocked by sys_clk_pin) and if_inst/PC_reg[10]_rep/D (clocked by sys_clk_pin). Large setup violations at the end of those stages might be difficult to fix during the post-placement implementation flow and could be the result of non-optimal XDC constraints or non-optimal design architecture
Related violations: <none>

TIMING-16#225 Warning
Large setup violation  
There is a large setup violation of -6.227 ns between ram_inst/ram_reg_2_0_0/CLKARDCLK (clocked by sys_clk_pin) and if_inst/PC_reg[29]/D (clocked by sys_clk_pin). Large setup violations at the end of those stages might be difficult to fix during the post-placement implementation flow and could be the result of non-optimal XDC constraints or non-optimal design architecture
Related violations: <none>

TIMING-16#226 Warning
Large setup violation  
There is a large setup violation of -6.227 ns between ram_inst/ram_reg_2_0_0/CLKARDCLK (clocked by sys_clk_pin) and if_inst/PC_reg[3]_rep__0/D (clocked by sys_clk_pin). Large setup violations at the end of those stages might be difficult to fix during the post-placement implementation flow and could be the result of non-optimal XDC constraints or non-optimal design architecture
Related violations: <none>

TIMING-16#227 Warning
Large setup violation  
There is a large setup violation of -6.228 ns between ram_inst/ram_reg_2_0_0/CLKARDCLK (clocked by sys_clk_pin) and if_inst/PC_reg[13]/D (clocked by sys_clk_pin). Large setup violations at the end of those stages might be difficult to fix during the post-placement implementation flow and could be the result of non-optimal XDC constraints or non-optimal design architecture
Related violations: <none>

TIMING-16#228 Warning
Large setup violation  
There is a large setup violation of -6.228 ns between ram_inst/ram_reg_2_0_0/CLKARDCLK (clocked by sys_clk_pin) and if_inst/PC_reg[4]_rep__3/D (clocked by sys_clk_pin). Large setup violations at the end of those stages might be difficult to fix during the post-placement implementation flow and could be the result of non-optimal XDC constraints or non-optimal design architecture
Related violations: <none>

TIMING-16#229 Warning
Large setup violation  
There is a large setup violation of -6.229 ns between ram_inst/ram_reg_2_0_0/CLKARDCLK (clocked by sys_clk_pin) and if_inst/PC_reg[23]/D (clocked by sys_clk_pin). Large setup violations at the end of those stages might be difficult to fix during the post-placement implementation flow and could be the result of non-optimal XDC constraints or non-optimal design architecture
Related violations: <none>

TIMING-16#230 Warning
Large setup violation  
There is a large setup violation of -6.229 ns between ram_inst/ram_reg_2_0_0/CLKARDCLK (clocked by sys_clk_pin) and if_inst/PC_reg[4]_rep__0/D (clocked by sys_clk_pin). Large setup violations at the end of those stages might be difficult to fix during the post-placement implementation flow and could be the result of non-optimal XDC constraints or non-optimal design architecture
Related violations: <none>

TIMING-16#231 Warning
Large setup violation  
There is a large setup violation of -6.231 ns between ram_inst/ram_reg_2_0_0/CLKARDCLK (clocked by sys_clk_pin) and if_inst/PC_reg[12]_rep/D (clocked by sys_clk_pin). Large setup violations at the end of those stages might be difficult to fix during the post-placement implementation flow and could be the result of non-optimal XDC constraints or non-optimal design architecture
Related violations: <none>

TIMING-16#232 Warning
Large setup violation  
There is a large setup violation of -6.231 ns between ram_inst/ram_reg_2_0_0/CLKARDCLK (clocked by sys_clk_pin) and if_inst/PC_reg[4]_rep/D (clocked by sys_clk_pin). Large setup violations at the end of those stages might be difficult to fix during the post-placement implementation flow and could be the result of non-optimal XDC constraints or non-optimal design architecture
Related violations: <none>

TIMING-16#233 Warning
Large setup violation  
There is a large setup violation of -6.231 ns between ram_inst/ram_reg_2_0_0/CLKARDCLK (clocked by sys_clk_pin) and if_inst/PC_reg[7]_rep__2/D (clocked by sys_clk_pin). Large setup violations at the end of those stages might be difficult to fix during the post-placement implementation flow and could be the result of non-optimal XDC constraints or non-optimal design architecture
Related violations: <none>

TIMING-16#234 Warning
Large setup violation  
There is a large setup violation of -6.234 ns between ram_inst/ram_reg_2_0_0/CLKARDCLK (clocked by sys_clk_pin) and if_inst/PC_reg[18]/D (clocked by sys_clk_pin). Large setup violations at the end of those stages might be difficult to fix during the post-placement implementation flow and could be the result of non-optimal XDC constraints or non-optimal design architecture
Related violations: <none>

TIMING-16#235 Warning
Large setup violation  
There is a large setup violation of -6.236 ns between ram_inst/ram_reg_2_0_0/CLKARDCLK (clocked by sys_clk_pin) and if_inst/PC_reg[10]_rep__2/D (clocked by sys_clk_pin). Large setup violations at the end of those stages might be difficult to fix during the post-placement implementation flow and could be the result of non-optimal XDC constraints or non-optimal design architecture
Related violations: <none>

TIMING-16#236 Warning
Large setup violation  
There is a large setup violation of -6.254 ns between ram_inst/ram_reg_2_0_0/CLKARDCLK (clocked by sys_clk_pin) and if_inst/PC_reg[9]_rep__3/D (clocked by sys_clk_pin). Large setup violations at the end of those stages might be difficult to fix during the post-placement implementation flow and could be the result of non-optimal XDC constraints or non-optimal design architecture
Related violations: <none>

TIMING-16#237 Warning
Large setup violation  
There is a large setup violation of -6.255 ns between ram_inst/ram_reg_2_0_0/CLKARDCLK (clocked by sys_clk_pin) and if_inst/PC_reg[20]/D (clocked by sys_clk_pin). Large setup violations at the end of those stages might be difficult to fix during the post-placement implementation flow and could be the result of non-optimal XDC constraints or non-optimal design architecture
Related violations: <none>

TIMING-16#238 Warning
Large setup violation  
There is a large setup violation of -6.258 ns between ram_inst/ram_reg_2_0_0/CLKARDCLK (clocked by sys_clk_pin) and if_inst/PC_reg[9]_rep__1/D (clocked by sys_clk_pin). Large setup violations at the end of those stages might be difficult to fix during the post-placement implementation flow and could be the result of non-optimal XDC constraints or non-optimal design architecture
Related violations: <none>

TIMING-16#239 Warning
Large setup violation  
There is a large setup violation of -6.259 ns between ram_inst/ram_reg_2_0_0/CLKARDCLK (clocked by sys_clk_pin) and if_inst/PC_reg[21]/D (clocked by sys_clk_pin). Large setup violations at the end of those stages might be difficult to fix during the post-placement implementation flow and could be the result of non-optimal XDC constraints or non-optimal design architecture
Related violations: <none>

TIMING-16#240 Warning
Large setup violation  
There is a large setup violation of -6.301 ns between ram_inst/ram_reg_2_0_0/CLKARDCLK (clocked by sys_clk_pin) and if_inst/PC_reg[5]_rep__2/D (clocked by sys_clk_pin). Large setup violations at the end of those stages might be difficult to fix during the post-placement implementation flow and could be the result of non-optimal XDC constraints or non-optimal design architecture
Related violations: <none>

TIMING-16#241 Warning
Large setup violation  
There is a large setup violation of -6.305 ns between ram_inst/ram_reg_2_0_0/CLKARDCLK (clocked by sys_clk_pin) and if_inst/PC_reg[12]_rep__0/D (clocked by sys_clk_pin). Large setup violations at the end of those stages might be difficult to fix during the post-placement implementation flow and could be the result of non-optimal XDC constraints or non-optimal design architecture
Related violations: <none>

TIMING-16#242 Warning
Large setup violation  
There is a large setup violation of -6.311 ns between ram_inst/ram_reg_2_0_0/CLKARDCLK (clocked by sys_clk_pin) and if_inst/PC_reg[5]_rep__3/D (clocked by sys_clk_pin). Large setup violations at the end of those stages might be difficult to fix during the post-placement implementation flow and could be the result of non-optimal XDC constraints or non-optimal design architecture
Related violations: <none>

TIMING-16#243 Warning
Large setup violation  
There is a large setup violation of -6.325 ns between ram_inst/ram_reg_2_0_0/CLKARDCLK (clocked by sys_clk_pin) and if_inst/PC_reg[8]_rep__1/D (clocked by sys_clk_pin). Large setup violations at the end of those stages might be difficult to fix during the post-placement implementation flow and could be the result of non-optimal XDC constraints or non-optimal design architecture
Related violations: <none>

TIMING-16#244 Warning
Large setup violation  
There is a large setup violation of -6.335 ns between ram_inst/ram_reg_2_0_0/CLKARDCLK (clocked by sys_clk_pin) and if_inst/PC_reg[2]_rep/D (clocked by sys_clk_pin). Large setup violations at the end of those stages might be difficult to fix during the post-placement implementation flow and could be the result of non-optimal XDC constraints or non-optimal design architecture
Related violations: <none>

TIMING-16#245 Warning
Large setup violation  
There is a large setup violation of -6.347 ns between ram_inst/ram_reg_2_0_0/CLKARDCLK (clocked by sys_clk_pin) and if_inst/PC_reg[8]_rep__2/D (clocked by sys_clk_pin). Large setup violations at the end of those stages might be difficult to fix during the post-placement implementation flow and could be the result of non-optimal XDC constraints or non-optimal design architecture
Related violations: <none>

TIMING-16#246 Warning
Large setup violation  
There is a large setup violation of -6.358 ns between ram_inst/ram_reg_2_0_0/CLKARDCLK (clocked by sys_clk_pin) and if_inst/PC_reg[8]_rep/D (clocked by sys_clk_pin). Large setup violations at the end of those stages might be difficult to fix during the post-placement implementation flow and could be the result of non-optimal XDC constraints or non-optimal design architecture
Related violations: <none>

TIMING-16#247 Warning
Large setup violation  
There is a large setup violation of -6.365 ns between ram_inst/ram_reg_2_0_0/CLKARDCLK (clocked by sys_clk_pin) and if_inst/PC_reg[7]/D (clocked by sys_clk_pin). Large setup violations at the end of those stages might be difficult to fix during the post-placement implementation flow and could be the result of non-optimal XDC constraints or non-optimal design architecture
Related violations: <none>

TIMING-16#248 Warning
Large setup violation  
There is a large setup violation of -6.369 ns between ram_inst/ram_reg_2_0_0/CLKARDCLK (clocked by sys_clk_pin) and if_inst/PC_reg[7]_rep__0/D (clocked by sys_clk_pin). Large setup violations at the end of those stages might be difficult to fix during the post-placement implementation flow and could be the result of non-optimal XDC constraints or non-optimal design architecture
Related violations: <none>

TIMING-16#249 Warning
Large setup violation  
There is a large setup violation of -6.372 ns between ram_inst/ram_reg_2_0_0/CLKARDCLK (clocked by sys_clk_pin) and if_inst/PC_reg[10]_rep__1/D (clocked by sys_clk_pin). Large setup violations at the end of those stages might be difficult to fix during the post-placement implementation flow and could be the result of non-optimal XDC constraints or non-optimal design architecture
Related violations: <none>

TIMING-16#250 Warning
Large setup violation  
There is a large setup violation of -6.407 ns between ram_inst/ram_reg_2_0_0/CLKARDCLK (clocked by sys_clk_pin) and if_inst/PC_reg[0]/D (clocked by sys_clk_pin). Large setup violations at the end of those stages might be difficult to fix during the post-placement implementation flow and could be the result of non-optimal XDC constraints or non-optimal design architecture
Related violations: <none>

TIMING-16#251 Warning
Large setup violation  
There is a large setup violation of -6.425 ns between ram_inst/ram_reg_2_0_0/CLKARDCLK (clocked by sys_clk_pin) and if_inst/PC_reg[3]/D (clocked by sys_clk_pin). Large setup violations at the end of those stages might be difficult to fix during the post-placement implementation flow and could be the result of non-optimal XDC constraints or non-optimal design architecture
Related violations: <none>

TIMING-18#1 Warning
Missing input or output delay  
An input delay is missing on PB[0] relative to the rising and/or falling clock edge(s) of sys_clk_pin.
Related violations: <none>

TIMING-18#2 Warning
Missing input or output delay  
An input delay is missing on PB[1] relative to the rising and/or falling clock edge(s) of sys_clk_pin.
Related violations: <none>

TIMING-18#3 Warning
Missing input or output delay  
An input delay is missing on PB[2] relative to the rising and/or falling clock edge(s) of sys_clk_pin.
Related violations: <none>

TIMING-18#4 Warning
Missing input or output delay  
An input delay is missing on PB[3] relative to the rising and/or falling clock edge(s) of sys_clk_pin.
Related violations: <none>

TIMING-18#5 Warning
Missing input or output delay  
An input delay is missing on SW[0] relative to the rising and/or falling clock edge(s) of sys_clk_pin.
Related violations: <none>

TIMING-18#6 Warning
Missing input or output delay  
An input delay is missing on SW[10] relative to the rising and/or falling clock edge(s) of sys_clk_pin.
Related violations: <none>

TIMING-18#7 Warning
Missing input or output delay  
An input delay is missing on SW[11] relative to the rising and/or falling clock edge(s) of sys_clk_pin.
Related violations: <none>

TIMING-18#8 Warning
Missing input or output delay  
An input delay is missing on SW[1] relative to the rising and/or falling clock edge(s) of sys_clk_pin.
Related violations: <none>

TIMING-18#9 Warning
Missing input or output delay  
An input delay is missing on SW[2] relative to the rising and/or falling clock edge(s) of sys_clk_pin.
Related violations: <none>

TIMING-18#10 Warning
Missing input or output delay  
An input delay is missing on SW[3] relative to the rising and/or falling clock edge(s) of sys_clk_pin.
Related violations: <none>

TIMING-18#11 Warning
Missing input or output delay  
An input delay is missing on SW[4] relative to the rising and/or falling clock edge(s) of sys_clk_pin.
Related violations: <none>

TIMING-18#12 Warning
Missing input or output delay  
An input delay is missing on SW[5] relative to the rising and/or falling clock edge(s) of sys_clk_pin.
Related violations: <none>

TIMING-18#13 Warning
Missing input or output delay  
An input delay is missing on SW[6] relative to the rising and/or falling clock edge(s) of sys_clk_pin.
Related violations: <none>

TIMING-18#14 Warning
Missing input or output delay  
An input delay is missing on SW[7] relative to the rising and/or falling clock edge(s) of sys_clk_pin.
Related violations: <none>

TIMING-18#15 Warning
Missing input or output delay  
An input delay is missing on SW[8] relative to the rising and/or falling clock edge(s) of sys_clk_pin.
Related violations: <none>

TIMING-18#16 Warning
Missing input or output delay  
An input delay is missing on SW[9] relative to the rising and/or falling clock edge(s) of sys_clk_pin.
Related violations: <none>

TIMING-18#17 Warning
Missing input or output delay  
An output delay is missing on LED[0] relative to the rising and/or falling clock edge(s) of sys_clk_pin.
Related violations: <none>

TIMING-18#18 Warning
Missing input or output delay  
An output delay is missing on LED[1] relative to the rising and/or falling clock edge(s) of sys_clk_pin.
Related violations: <none>

TIMING-18#19 Warning
Missing input or output delay  
An output delay is missing on LED[2] relative to the rising and/or falling clock edge(s) of sys_clk_pin.
Related violations: <none>

TIMING-18#20 Warning
Missing input or output delay  
An output delay is missing on LED[3] relative to the rising and/or falling clock edge(s) of sys_clk_pin.
Related violations: <none>

TIMING-18#21 Warning
Missing input or output delay  
An output delay is missing on LED[4] relative to the rising and/or falling clock edge(s) of sys_clk_pin.
Related violations: <none>

TIMING-18#22 Warning
Missing input or output delay  
An output delay is missing on LED[5] relative to the rising and/or falling clock edge(s) of sys_clk_pin.
Related violations: <none>

TIMING-18#23 Warning
Missing input or output delay  
An output delay is missing on LED[6] relative to the rising and/or falling clock edge(s) of sys_clk_pin.
Related violations: <none>

TIMING-18#24 Warning
Missing input or output delay  
An output delay is missing on LED[7] relative to the rising and/or falling clock edge(s) of sys_clk_pin.
Related violations: <none>

TIMING-18#25 Warning
Missing input or output delay  
An output delay is missing on LED[8] relative to the rising and/or falling clock edge(s) of sys_clk_pin.
Related violations: <none>

TIMING-18#26 Warning
Missing input or output delay  
An output delay is missing on LED[9] relative to the rising and/or falling clock edge(s) of sys_clk_pin.
Related violations: <none>

TIMING-20#1 Warning
Non-clocked latch  
The latch mem_inst/io_be_hold_reg[0] cannot be properly analyzed as its control pin mem_inst/io_be_hold_reg[0]/G is not reached by a timing clock
Related violations: <none>

TIMING-20#2 Warning
Non-clocked latch  
The latch mem_inst/io_be_hold_reg[1] cannot be properly analyzed as its control pin mem_inst/io_be_hold_reg[1]/G is not reached by a timing clock
Related violations: <none>

XDCB-5#1 Warning
Runtime inefficient way to find pin objects  
The option '-from : [get_pins -hierarchical -filter {NAME =~ *ila_core_inst/u_trig/N_DDR_TC.N_DDR_TC_INST[*].U_TC/allx_typeA_match_detection.ltlib_v1_0_3_allx_typeA_inst/DUT/u_srl_drive/CLK}]' of constraint 'set_false_path' uses inefficient query to find pin objects (see constraint position '48' in the Timing Constraint window in Vivado IDE). To reduce runtime, it is recommended to get the pins through the cell objects. Please refer to Using Constraints Guide (Constraints Efficiency). An example of optimal query is: get_pins -filter {REF_PIN_NAME=~yy*} -of_objects [get_cells -hierarchical xx*].
Current XDC: c:/Users/Devin/Desktop/School/RISC/lab9/rv32i_processor.gen/sources_1/ip/ila_0/ila_v6_2/constraints/ila.xdc (Line: 72)
Related violations: <none>

XDCB-5#2 Warning
Runtime inefficient way to find pin objects  
The option '-to : [get_pins -hierarchical -filter {NAME =~ *ila_core_inst/u_trig/N_DDR_TC.N_DDR_TC_INST[*].U_TC/yes_output_reg.dout_reg_reg/D}]' of constraint 'set_false_path' uses inefficient query to find pin objects (see constraint position '48' in the Timing Constraint window in Vivado IDE). To reduce runtime, it is recommended to get the pins through the cell objects. Please refer to Using Constraints Guide (Constraints Efficiency). An example of optimal query is: get_pins -filter {REF_PIN_NAME=~yy*} -of_objects [get_cells -hierarchical xx*].
Current XDC: c:/Users/Devin/Desktop/School/RISC/lab9/rv32i_processor.gen/sources_1/ip/ila_0/ila_v6_2/constraints/ila.xdc (Line: 72)
Related violations: <none>

LATCH-1#1 Advisory
Existing latches in the design  
There are 2 latches found in the design. Inferred latches are often the result of HDL coding mistakes, such as incomplete if or case statements.
Related violations: <none>


